file,line,type,commit,author,date,time,timezone,datetime,depth,length
style.css,1,css,38b15a78,BrightonLiu-zZ,2025-10-09,21:51:42,-07:00,2025-10-09T21:51:42-07:00,0,57
style.css,2,css,2150b08d,BrightonLiu-zZ,2025-10-03,23:29:43,-07:00,2025-10-03T23:29:43-07:00,0,4
style.css,3,css,38b15a78,BrightonLiu-zZ,2025-10-09,21:51:42,-07:00,2025-10-09T21:51:42-07:00,1,59
style.css,4,css,38b15a78,BrightonLiu-zZ,2025-10-09,21:51:42,-07:00,2025-10-09T21:51:42-07:00,1,43
style.css,5,css,2150b08d,BrightonLiu-zZ,2025-10-03,23:29:43,-07:00,2025-10-03T23:29:43-07:00,1,8
style.css,6,css,2150b08d,BrightonLiu-zZ,2025-10-03,23:29:43,-07:00,2025-10-03T23:29:43-07:00,1,58
style.css,7,css,f6737d51,BrightonLiu-zZ,2025-10-16,21:32:54,-07:00,2025-10-16T21:32:54-07:00,0,0
style.css,8,css,f6737d51,BrightonLiu-zZ,2025-10-16,21:32:54,-07:00,2025-10-16T21:32:54-07:00,1,65
style.css,9,css,f6737d51,BrightonLiu-zZ,2025-10-16,21:32:54,-07:00,2025-10-16T21:32:54-07:00,1,17
style.css,10,css,f6737d51,BrightonLiu-zZ,2025-10-16,21:32:54,-07:00,2025-10-16T21:32:54-07:00,1,16
style.css,11,css,2150b08d,BrightonLiu-zZ,2025-10-03,23:29:43,-07:00,2025-10-03T23:29:43-07:00,0,0
style.css,12,css,2150b08d,BrightonLiu-zZ,2025-10-03,23:29:43,-07:00,2025-10-03T23:29:43-07:00,0,0
style.css,13,css,38b15a78,BrightonLiu-zZ,2025-10-09,21:51:42,-07:00,2025-10-09T21:51:42-07:00,0,42
style.css,14,css,38b15a78,BrightonLiu-zZ,2025-10-09,21:51:42,-07:00,2025-10-09T21:51:42-07:00,0,10
style.css,15,css,2150b08d,BrightonLiu-zZ,2025-10-03,23:29:43,-07:00,2025-10-03T23:29:43-07:00,1,14
style.css,16,css,2150b08d,BrightonLiu-zZ,2025-10-03,23:29:43,-07:00,2025-10-03T23:29:43-07:00,1,11
style.css,17,css,38b15a78,BrightonLiu-zZ,2025-10-09,21:51:42,-07:00,2025-10-09T21:51:42-07:00,1,51
style.css,18,css,35dac17d,BrightonLiu-zZ,2025-10-09,21:30:33,-07:00,2025-10-09T21:30:33-07:00,0,0
style.css,19,css,35dac17d,BrightonLiu-zZ,2025-10-09,21:30:33,-07:00,2025-10-09T21:30:33-07:00,0,0
style.css,20,css,0961a3ec,BrightonLiu-zZ,2025-10-09,22:05:47,-07:00,2025-10-09T22:05:47-07:00,0,39
style.css,21,css,35dac17d,BrightonLiu-zZ,2025-10-09,21:30:33,-07:00,2025-10-09T21:30:33-07:00,0,5
style.css,22,css,0961a3ec,BrightonLiu-zZ,2025-10-09,22:05:47,-07:00,2025-10-09T22:05:47-07:00,1,54
style.css,23,css,0961a3ec,BrightonLiu-zZ,2025-10-09,22:05:47,-07:00,2025-10-09T22:05:47-07:00,1,60
style.css,24,css,35dac17d,BrightonLiu-zZ,2025-10-09,21:30:33,-07:00,2025-10-09T21:30:33-07:00,0,0
style.css,25,css,0961a3ec,BrightonLiu-zZ,2025-10-09,22:05:47,-07:00,2025-10-09T22:05:47-07:00,1,30
style.css,26,css,0961a3ec,BrightonLiu-zZ,2025-10-09,22:05:47,-07:00,2025-10-09T22:05:47-07:00,1,59
style.css,27,css,f6737d51,BrightonLiu-zZ,2025-10-16,21:32:54,-07:00,2025-10-16T21:32:54-07:00,1,72
style.css,28,css,35dac17d,BrightonLiu-zZ,2025-10-09,21:30:33,-07:00,2025-10-09T21:30:33-07:00,0,0
style.css,29,css,35dac17d,BrightonLiu-zZ,2025-10-09,21:30:33,-07:00,2025-10-09T21:30:33-07:00,0,0
style.css,30,css,f6737d51,BrightonLiu-zZ,2025-10-16,21:32:54,-07:00,2025-10-16T21:32:54-07:00,0,51
style.css,31,css,f6737d51,BrightonLiu-zZ,2025-10-16,21:32:54,-07:00,2025-10-16T21:32:54-07:00,1,50
style.css,32,css,f6737d51,BrightonLiu-zZ,2025-10-16,21:32:54,-07:00,2025-10-16T21:32:54-07:00,0,4
style.css,33,css,f6737d51,BrightonLiu-zZ,2025-10-16,21:32:54,-07:00,2025-10-16T21:32:54-07:00,1,32
style.css,34,css,f6737d51,BrightonLiu-zZ,2025-10-16,21:32:54,-07:00,2025-10-16T21:32:54-07:00,1,66
style.css,35,css,f6737d51,BrightonLiu-zZ,2025-10-16,21:32:54,-07:00,2025-10-16T21:32:54-07:00,0,0
style.css,36,css,8dcf0ff1,BrightonLiu-zZ,2025-10-09,21:44:57,-07:00,2025-10-09T21:44:57-07:00,0,0
style.css,37,css,0961a3ec,BrightonLiu-zZ,2025-10-09,22:05:47,-07:00,2025-10-09T22:05:47-07:00,0,46
style.css,38,css,38b15a78,BrightonLiu-zZ,2025-10-09,21:51:42,-07:00,2025-10-09T21:51:42-07:00,0,5
style.css,39,css,0961a3ec,BrightonLiu-zZ,2025-10-09,22:05:47,-07:00,2025-10-09T22:05:47-07:00,1,25
style.css,40,css,0961a3ec,BrightonLiu-zZ,2025-10-09,22:05:47,-07:00,2025-10-09T22:05:47-07:00,1,18
style.css,41,css,0961a3ec,BrightonLiu-zZ,2025-10-09,22:05:47,-07:00,2025-10-09T22:05:47-07:00,1,30
style.css,42,css,8dcf0ff1,BrightonLiu-zZ,2025-10-09,21:44:57,-07:00,2025-10-09T21:44:57-07:00,0,0
style.css,43,css,8dcf0ff1,BrightonLiu-zZ,2025-10-09,21:44:57,-07:00,2025-10-09T21:44:57-07:00,0,0
style.css,44,css,f6737d51,BrightonLiu-zZ,2025-10-16,21:32:54,-07:00,2025-10-16T21:32:54-07:00,0,75
style.css,45,css,38b15a78,BrightonLiu-zZ,2025-10-09,21:51:42,-07:00,2025-10-09T21:51:42-07:00,0,0
style.css,46,css,0961a3ec,BrightonLiu-zZ,2025-10-09,22:05:47,-07:00,2025-10-09T22:05:47-07:00,0,79
style.css,47,css,0961a3ec,BrightonLiu-zZ,2025-10-09,22:05:47,-07:00,2025-10-09T22:05:47-07:00,0,35
style.css,48,css,8dcf0ff1,BrightonLiu-zZ,2025-10-09,21:44:57,-07:00,2025-10-09T21:44:57-07:00,0,0
style.css,49,css,8dcf0ff1,BrightonLiu-zZ,2025-10-09,21:44:57,-07:00,2025-10-09T21:44:57-07:00,0,3
style.css,50,css,8dcf0ff1,BrightonLiu-zZ,2025-10-09,21:44:57,-07:00,2025-10-09T21:44:57-07:00,1,12
style.css,51,css,0961a3ec,BrightonLiu-zZ,2025-10-09,22:05:47,-07:00,2025-10-09T22:05:47-07:00,1,71
style.css,52,css,0961a3ec,BrightonLiu-zZ,2025-10-09,22:05:47,-07:00,2025-10-09T22:05:47-07:00,1,9
style.css,53,css,0961a3ec,BrightonLiu-zZ,2025-10-09,22:05:47,-07:00,2025-10-09T22:05:47-07:00,1,18
style.css,54,css,f6737d51,BrightonLiu-zZ,2025-10-16,21:32:54,-07:00,2025-10-16T21:32:54-07:00,0,0
style.css,55,css,f6737d51,BrightonLiu-zZ,2025-10-16,21:32:54,-07:00,2025-10-16T21:32:54-07:00,1,69
style.css,56,css,f6737d51,BrightonLiu-zZ,2025-10-16,21:32:54,-07:00,2025-10-16T21:32:54-07:00,1,39
style.css,57,css,f6737d51,BrightonLiu-zZ,2025-10-16,21:32:54,-07:00,2025-10-16T21:32:54-07:00,1,43
style.css,58,css,8dcf0ff1,BrightonLiu-zZ,2025-10-09,21:44:57,-07:00,2025-10-09T21:44:57-07:00,0,0
style.css,59,css,8dcf0ff1,BrightonLiu-zZ,2025-10-09,21:44:57,-07:00,2025-10-09T21:44:57-07:00,0,0
style.css,60,css,8dcf0ff1,BrightonLiu-zZ,2025-10-09,21:44:57,-07:00,2025-10-09T21:44:57-07:00,0,5
style.css,61,css,0961a3ec,BrightonLiu-zZ,2025-10-09,22:05:47,-07:00,2025-10-09T22:05:47-07:00,1,6
style.css,62,css,0961a3ec,BrightonLiu-zZ,2025-10-09,22:05:47,-07:00,2025-10-09T22:05:47-07:00,1,17
style.css,63,css,0961a3ec,BrightonLiu-zZ,2025-10-09,22:05:47,-07:00,2025-10-09T22:05:47-07:00,1,20
style.css,64,css,0961a3ec,BrightonLiu-zZ,2025-10-09,22:05:47,-07:00,2025-10-09T22:05:47-07:00,1,13
style.css,65,css,0961a3ec,BrightonLiu-zZ,2025-10-09,22:05:47,-07:00,2025-10-09T22:05:47-07:00,1,20
style.css,66,css,0961a3ec,BrightonLiu-zZ,2025-10-09,22:05:47,-07:00,2025-10-09T22:05:47-07:00,1,68
style.css,67,css,8dcf0ff1,BrightonLiu-zZ,2025-10-09,21:44:57,-07:00,2025-10-09T21:44:57-07:00,0,0
style.css,68,css,8dcf0ff1,BrightonLiu-zZ,2025-10-09,21:44:57,-07:00,2025-10-09T21:44:57-07:00,0,0
style.css,69,css,f6737d51,BrightonLiu-zZ,2025-10-16,21:32:54,-07:00,2025-10-16T21:32:54-07:00,0,85
style.css,70,css,8dcf0ff1,BrightonLiu-zZ,2025-10-09,21:44:57,-07:00,2025-10-09T21:44:57-07:00,0,11
style.css,71,css,38b15a78,BrightonLiu-zZ,2025-10-09,21:51:42,-07:00,2025-10-09T21:51:42-07:00,1,39
style.css,72,css,ace08f2a,BrightonLiu-zZ,2025-10-16,22:10:23,-07:00,2025-10-16T22:10:23-07:00,1,69
style.css,73,css,8dcf0ff1,BrightonLiu-zZ,2025-10-09,21:44:57,-07:00,2025-10-09T21:44:57-07:00,0,0
style.css,74,css,8dcf0ff1,BrightonLiu-zZ,2025-10-09,21:44:57,-07:00,2025-10-09T21:44:57-07:00,0,0
style.css,75,css,f6737d51,BrightonLiu-zZ,2025-10-16,21:32:54,-07:00,2025-10-16T21:32:54-07:00,0,78
style.css,76,css,8dcf0ff1,BrightonLiu-zZ,2025-10-09,21:44:57,-07:00,2025-10-09T21:44:57-07:00,0,13
style.css,77,css,f6737d51,BrightonLiu-zZ,2025-10-16,21:32:54,-07:00,2025-10-16T21:32:54-07:00,1,39
style.css,78,css,38b15a78,BrightonLiu-zZ,2025-10-09,21:51:42,-07:00,2025-10-09T21:51:42-07:00,1,25
style.css,79,css,0961a3ec,BrightonLiu-zZ,2025-10-09,22:05:47,-07:00,2025-10-09T22:05:47-07:00,1,78
style.css,80,css,8dcf0ff1,BrightonLiu-zZ,2025-10-09,21:44:57,-07:00,2025-10-09T21:44:57-07:00,1,15
style.css,81,css,8dcf0ff1,BrightonLiu-zZ,2025-10-09,21:44:57,-07:00,2025-10-09T21:44:57-07:00,0,0
style.css,82,css,0961a3ec,BrightonLiu-zZ,2025-10-09,22:05:47,-07:00,2025-10-09T22:05:47-07:00,0,0
style.css,83,css,0961a3ec,BrightonLiu-zZ,2025-10-09,22:05:47,-07:00,2025-10-09T22:05:47-07:00,0,53
style.css,84,css,0961a3ec,BrightonLiu-zZ,2025-10-09,22:05:47,-07:00,2025-10-09T22:05:47-07:00,0,0
style.css,85,css,0961a3ec,BrightonLiu-zZ,2025-10-09,22:05:47,-07:00,2025-10-09T22:05:47-07:00,0,54
style.css,86,css,0961a3ec,BrightonLiu-zZ,2025-10-09,22:05:47,-07:00,2025-10-09T22:05:47-07:00,0,23
style.css,87,css,0961a3ec,BrightonLiu-zZ,2025-10-09,22:05:47,-07:00,2025-10-09T22:05:47-07:00,1,12
style.css,88,css,0961a3ec,BrightonLiu-zZ,2025-10-09,22:05:47,-07:00,2025-10-09T22:05:47-07:00,0,0
style.css,89,css,0961a3ec,BrightonLiu-zZ,2025-10-09,22:05:47,-07:00,2025-10-09T22:05:47-07:00,0,0
style.css,90,css,0961a3ec,BrightonLiu-zZ,2025-10-09,22:05:47,-07:00,2025-10-09T22:05:47-07:00,0,56
style.css,91,css,0961a3ec,BrightonLiu-zZ,2025-10-09,22:05:47,-07:00,2025-10-09T22:05:47-07:00,0,4
style.css,92,css,0961a3ec,BrightonLiu-zZ,2025-10-09,22:05:47,-07:00,2025-10-09T22:05:47-07:00,1,12
style.css,93,css,0961a3ec,BrightonLiu-zZ,2025-10-09,22:05:47,-07:00,2025-10-09T22:05:47-07:00,1,77
style.css,94,css,0961a3ec,BrightonLiu-zZ,2025-10-09,22:05:47,-07:00,2025-10-09T22:05:47-07:00,1,15
style.css,95,css,0961a3ec,BrightonLiu-zZ,2025-10-09,22:05:47,-07:00,2025-10-09T22:05:47-07:00,1,14
style.css,96,css,0961a3ec,BrightonLiu-zZ,2025-10-09,22:05:47,-07:00,2025-10-09T22:05:47-07:00,1,68
style.css,97,css,0961a3ec,BrightonLiu-zZ,2025-10-09,22:05:47,-07:00,2025-10-09T22:05:47-07:00,0,0
style.css,98,css,0961a3ec,BrightonLiu-zZ,2025-10-09,22:05:47,-07:00,2025-10-09T22:05:47-07:00,0,0
style.css,99,css,0961a3ec,BrightonLiu-zZ,2025-10-09,22:05:47,-07:00,2025-10-09T22:05:47-07:00,0,54
style.css,100,css,0961a3ec,BrightonLiu-zZ,2025-10-09,22:05:47,-07:00,2025-10-09T22:05:47-07:00,0,10
style.css,101,css,0961a3ec,BrightonLiu-zZ,2025-10-09,22:05:47,-07:00,2025-10-09T22:05:47-07:00,1,59
style.css,102,css,0961a3ec,BrightonLiu-zZ,2025-10-09,22:05:47,-07:00,2025-10-09T22:05:47-07:00,1,49
style.css,103,css,0961a3ec,BrightonLiu-zZ,2025-10-09,22:05:47,-07:00,2025-10-09T22:05:47-07:00,0,0
style.css,104,css,0961a3ec,BrightonLiu-zZ,2025-10-09,22:05:47,-07:00,2025-10-09T22:05:47-07:00,0,0
style.css,105,css,0961a3ec,BrightonLiu-zZ,2025-10-09,22:05:47,-07:00,2025-10-09T22:05:47-07:00,0,32
style.css,106,css,0961a3ec,BrightonLiu-zZ,2025-10-09,22:05:47,-07:00,2025-10-09T22:05:47-07:00,0,9
style.css,107,css,0961a3ec,BrightonLiu-zZ,2025-10-09,22:05:47,-07:00,2025-10-09T22:05:47-07:00,0,13
style.css,108,css,0961a3ec,BrightonLiu-zZ,2025-10-09,22:05:47,-07:00,2025-10-09T22:05:47-07:00,1,10
style.css,109,css,0961a3ec,BrightonLiu-zZ,2025-10-09,22:05:47,-07:00,2025-10-09T22:05:47-07:00,1,21
style.css,110,css,0961a3ec,BrightonLiu-zZ,2025-10-09,22:05:47,-07:00,2025-10-09T22:05:47-07:00,1,13
style.css,111,css,0961a3ec,BrightonLiu-zZ,2025-10-09,22:05:47,-07:00,2025-10-09T22:05:47-07:00,0,0
style.css,112,css,0961a3ec,BrightonLiu-zZ,2025-10-09,22:05:47,-07:00,2025-10-09T22:05:47-07:00,0,0
style.css,113,css,0961a3ec,BrightonLiu-zZ,2025-10-09,22:05:47,-07:00,2025-10-09T22:05:47-07:00,0,55
style.css,114,css,0961a3ec,BrightonLiu-zZ,2025-10-09,22:05:47,-07:00,2025-10-09T22:05:47-07:00,0,13
style.css,115,css,0961a3ec,BrightonLiu-zZ,2025-10-09,22:05:47,-07:00,2025-10-09T22:05:47-07:00,1,19
style.css,116,css,0961a3ec,BrightonLiu-zZ,2025-10-09,22:05:47,-07:00,2025-10-09T22:05:47-07:00,1,15
style.css,117,css,0961a3ec,BrightonLiu-zZ,2025-10-09,22:05:47,-07:00,2025-10-09T22:05:47-07:00,0,0
style.css,118,css,0961a3ec,BrightonLiu-zZ,2025-10-09,22:05:47,-07:00,2025-10-09T22:05:47-07:00,0,0
style.css,119,css,0961a3ec,BrightonLiu-zZ,2025-10-09,22:05:47,-07:00,2025-10-09T22:05:47-07:00,0,56
style.css,120,css,0961a3ec,BrightonLiu-zZ,2025-10-09,22:05:47,-07:00,2025-10-09T22:05:47-07:00,0,11
style.css,121,css,0961a3ec,BrightonLiu-zZ,2025-10-09,22:05:47,-07:00,2025-10-09T22:05:47-07:00,1,18
style.css,122,css,0961a3ec,BrightonLiu-zZ,2025-10-09,22:05:47,-07:00,2025-10-09T22:05:47-07:00,1,77
style.css,123,css,0961a3ec,BrightonLiu-zZ,2025-10-09,22:05:47,-07:00,2025-10-09T22:05:47-07:00,1,19
style.css,124,css,0961a3ec,BrightonLiu-zZ,2025-10-09,22:05:47,-07:00,2025-10-09T22:05:47-07:00,0,0
style.css,125,css,8f00abb0,BrightonLiu-zZ,2025-10-09,22:18:40,-07:00,2025-10-09T22:18:40-07:00,0,0
style.css,126,css,8f00abb0,BrightonLiu-zZ,2025-10-09,22:18:40,-07:00,2025-10-09T22:18:40-07:00,0,47
style.css,127,css,8f00abb0,BrightonLiu-zZ,2025-10-09,22:18:40,-07:00,2025-10-09T22:18:40-07:00,0,0
style.css,128,css,8f00abb0,BrightonLiu-zZ,2025-10-09,22:18:40,-07:00,2025-10-09T22:18:40-07:00,0,37
style.css,129,css,8f00abb0,BrightonLiu-zZ,2025-10-09,22:18:40,-07:00,2025-10-09T22:18:40-07:00,0,9
style.css,130,css,8f00abb0,BrightonLiu-zZ,2025-10-09,22:18:40,-07:00,2025-10-09T22:18:40-07:00,1,12
style.css,131,css,8f00abb0,BrightonLiu-zZ,2025-10-09,22:18:40,-07:00,2025-10-09T22:18:40-07:00,1,58
style.css,132,css,8f00abb0,BrightonLiu-zZ,2025-10-09,22:18:40,-07:00,2025-10-09T22:18:40-07:00,1,8
style.css,133,css,8f00abb0,BrightonLiu-zZ,2025-10-09,22:18:40,-07:00,2025-10-09T22:18:40-07:00,1,66
style.css,134,css,8f00abb0,BrightonLiu-zZ,2025-10-09,22:18:40,-07:00,2025-10-09T22:18:40-07:00,0,0
style.css,135,css,8f00abb0,BrightonLiu-zZ,2025-10-09,22:18:40,-07:00,2025-10-09T22:18:40-07:00,0,0
style.css,136,css,8f00abb0,BrightonLiu-zZ,2025-10-09,22:18:40,-07:00,2025-10-09T22:18:40-07:00,0,59
style.css,137,css,8f00abb0,BrightonLiu-zZ,2025-10-09,22:18:40,-07:00,2025-10-09T22:18:40-07:00,0,19
style.css,138,css,8f00abb0,BrightonLiu-zZ,2025-10-09,22:18:40,-07:00,2025-10-09T22:18:40-07:00,1,12
style.css,139,css,8f00abb0,BrightonLiu-zZ,2025-10-09,22:18:40,-07:00,2025-10-09T22:18:40-07:00,1,19
style.css,140,css,8f00abb0,BrightonLiu-zZ,2025-10-09,22:18:40,-07:00,2025-10-09T22:18:40-07:00,1,14
style.css,141,css,8f00abb0,BrightonLiu-zZ,2025-10-09,22:18:40,-07:00,2025-10-09T22:18:40-07:00,1,34
style.css,142,css,8f00abb0,BrightonLiu-zZ,2025-10-09,22:18:40,-07:00,2025-10-09T22:18:40-07:00,1,19
style.css,143,css,17583924,BrightonLiu-zZ,2025-10-31,23:53:50,-07:00,2025-10-31T23:53:50-07:00,1,77
style.css,144,css,8f00abb0,BrightonLiu-zZ,2025-10-09,22:18:40,-07:00,2025-10-09T22:18:40-07:00,0,0
style.css,145,css,8f00abb0,BrightonLiu-zZ,2025-10-09,22:18:40,-07:00,2025-10-09T22:18:40-07:00,0,0
style.css,146,css,56af7b1e,BrightonLiu-zZ,2025-10-16,23:01:05,-07:00,2025-10-16T23:01:05-07:00,0,0
style.css,147,css,065f6da2,BrightonLiu-zZ,2025-10-10,13:03:34,-07:00,2025-10-10T13:03:34-07:00,0,74
style.css,148,css,8f00abb0,BrightonLiu-zZ,2025-10-09,22:18:40,-07:00,2025-10-09T22:18:40-07:00,0,13
style.css,149,css,8f00abb0,BrightonLiu-zZ,2025-10-09,22:18:40,-07:00,2025-10-09T22:18:40-07:00,1,10
style.css,150,css,8f00abb0,BrightonLiu-zZ,2025-10-09,22:18:40,-07:00,2025-10-09T22:18:40-07:00,1,11
style.css,151,css,8f00abb0,BrightonLiu-zZ,2025-10-09,22:18:40,-07:00,2025-10-09T22:18:40-07:00,1,13
style.css,152,css,8f00abb0,BrightonLiu-zZ,2025-10-09,22:18:40,-07:00,2025-10-09T22:18:40-07:00,0,0
style.css,153,css,8f00abb0,BrightonLiu-zZ,2025-10-09,22:18:40,-07:00,2025-10-09T22:18:40-07:00,0,0
style.css,154,css,8f00abb0,BrightonLiu-zZ,2025-10-09,22:18:40,-07:00,2025-10-09T22:18:40-07:00,0,50
style.css,155,css,065f6da2,BrightonLiu-zZ,2025-10-10,13:03:34,-07:00,2025-10-10T13:03:34-07:00,1,57
style.css,156,css,8f00abb0,BrightonLiu-zZ,2025-10-09,22:18:40,-07:00,2025-10-09T22:18:40-07:00,0,19
style.css,157,css,8f00abb0,BrightonLiu-zZ,2025-10-09,22:18:40,-07:00,2025-10-09T22:18:40-07:00,1,26
style.css,158,css,8f00abb0,BrightonLiu-zZ,2025-10-09,22:18:40,-07:00,2025-10-09T22:18:40-07:00,1,15
style.css,159,css,8f00abb0,BrightonLiu-zZ,2025-10-09,22:18:40,-07:00,2025-10-09T22:18:40-07:00,0,0
style.css,160,css,8f00abb0,BrightonLiu-zZ,2025-10-09,22:18:40,-07:00,2025-10-09T22:18:40-07:00,0,0
style.css,161,css,8f00abb0,BrightonLiu-zZ,2025-10-09,22:18:40,-07:00,2025-10-09T22:18:40-07:00,0,42
style.css,162,css,8f00abb0,BrightonLiu-zZ,2025-10-09,22:18:40,-07:00,2025-10-09T22:18:40-07:00,0,12
style.css,163,css,8f00abb0,BrightonLiu-zZ,2025-10-09,22:18:40,-07:00,2025-10-09T22:18:40-07:00,1,8
style.css,164,css,8f00abb0,BrightonLiu-zZ,2025-10-09,22:18:40,-07:00,2025-10-09T22:18:40-07:00,1,15
style.css,165,css,8f00abb0,BrightonLiu-zZ,2025-10-09,22:18:40,-07:00,2025-10-09T22:18:40-07:00,0,0
style.css,166,css,8f00abb0,BrightonLiu-zZ,2025-10-09,22:18:40,-07:00,2025-10-09T22:18:40-07:00,0,0
style.css,167,css,065f6da2,BrightonLiu-zZ,2025-10-10,13:03:34,-07:00,2025-10-10T13:03:34-07:00,0,37
style.css,168,css,065f6da2,BrightonLiu-zZ,2025-10-10,13:03:34,-07:00,2025-10-10T13:03:34-07:00,0,26
style.css,169,css,065f6da2,BrightonLiu-zZ,2025-10-10,13:03:34,-07:00,2025-10-10T13:03:34-07:00,1,78
style.css,170,css,065f6da2,BrightonLiu-zZ,2025-10-10,13:03:34,-07:00,2025-10-10T13:03:34-07:00,0,0
style.css,171,css,065f6da2,BrightonLiu-zZ,2025-10-10,13:03:34,-07:00,2025-10-10T13:03:34-07:00,0,0
style.css,172,css,065f6da2,BrightonLiu-zZ,2025-10-10,13:03:34,-07:00,2025-10-10T13:03:34-07:00,0,51
style.css,173,css,065f6da2,BrightonLiu-zZ,2025-10-10,13:03:34,-07:00,2025-10-10T13:03:34-07:00,0,24
style.css,174,css,065f6da2,BrightonLiu-zZ,2025-10-10,13:03:34,-07:00,2025-10-10T13:03:34-07:00,1,12
style.css,175,css,065f6da2,BrightonLiu-zZ,2025-10-10,13:03:34,-07:00,2025-10-10T13:03:34-07:00,1,14
style.css,176,css,065f6da2,BrightonLiu-zZ,2025-10-10,13:03:34,-07:00,2025-10-10T13:03:34-07:00,1,9
style.css,177,css,065f6da2,BrightonLiu-zZ,2025-10-10,13:03:34,-07:00,2025-10-10T13:03:34-07:00,1,16
style.css,178,css,065f6da2,BrightonLiu-zZ,2025-10-10,13:03:34,-07:00,2025-10-10T13:03:34-07:00,0,0
style.css,179,css,065f6da2,BrightonLiu-zZ,2025-10-10,13:03:34,-07:00,2025-10-10T13:03:34-07:00,0,0
style.css,180,css,065f6da2,BrightonLiu-zZ,2025-10-10,13:03:34,-07:00,2025-10-10T13:03:34-07:00,0,26
style.css,181,css,065f6da2,BrightonLiu-zZ,2025-10-10,13:03:34,-07:00,2025-10-10T13:03:34-07:00,1,20
style.css,182,css,065f6da2,BrightonLiu-zZ,2025-10-10,13:03:34,-07:00,2025-10-10T13:03:34-07:00,1,36
style.css,183,css,065f6da2,BrightonLiu-zZ,2025-10-10,13:03:34,-07:00,2025-10-10T13:03:34-07:00,1,20
style.css,184,css,065f6da2,BrightonLiu-zZ,2025-10-10,13:03:34,-07:00,2025-10-10T13:03:34-07:00,1,19
style.css,185,css,065f6da2,BrightonLiu-zZ,2025-10-10,13:03:34,-07:00,2025-10-10T13:03:34-07:00,1,13
style.css,186,css,065f6da2,BrightonLiu-zZ,2025-10-10,13:03:34,-07:00,2025-10-10T13:03:34-07:00,0,0
style.css,187,css,065f6da2,BrightonLiu-zZ,2025-10-10,13:03:34,-07:00,2025-10-10T13:03:34-07:00,0,0
style.css,188,css,065f6da2,BrightonLiu-zZ,2025-10-10,13:03:34,-07:00,2025-10-10T13:03:34-07:00,0,32
style.css,189,css,065f6da2,BrightonLiu-zZ,2025-10-10,13:03:34,-07:00,2025-10-10T13:03:34-07:00,1,51
style.css,190,css,065f6da2,BrightonLiu-zZ,2025-10-10,13:03:34,-07:00,2025-10-10T13:03:34-07:00,0,0
style.css,191,css,065f6da2,BrightonLiu-zZ,2025-10-10,13:03:34,-07:00,2025-10-10T13:03:34-07:00,0,0
style.css,192,css,17583924,BrightonLiu-zZ,2025-10-31,23:53:50,-07:00,2025-10-31T23:53:50-07:00,0,52
style.css,193,css,17583924,BrightonLiu-zZ,2025-10-31,23:53:50,-07:00,2025-10-31T23:53:50-07:00,0,23
style.css,194,css,17583924,BrightonLiu-zZ,2025-10-31,23:53:50,-07:00,2025-10-31T23:53:50-07:00,1,19
style.css,195,css,17583924,BrightonLiu-zZ,2025-10-31,23:53:50,-07:00,2025-10-31T23:53:50-07:00,1,10
style.css,196,css,17583924,BrightonLiu-zZ,2025-10-31,23:53:50,-07:00,2025-10-31T23:53:50-07:00,1,66
style.css,197,css,17583924,BrightonLiu-zZ,2025-10-31,23:53:50,-07:00,2025-10-31T23:53:50-07:00,1,68
style.css,198,css,17583924,BrightonLiu-zZ,2025-10-31,23:53:50,-07:00,2025-10-31T23:53:50-07:00,1,62
style.css,199,css,17583924,BrightonLiu-zZ,2025-10-31,23:53:50,-07:00,2025-10-31T23:53:50-07:00,0,0
style.css,200,css,17583924,BrightonLiu-zZ,2025-10-31,23:53:50,-07:00,2025-10-31T23:53:50-07:00,0,0
style.css,201,css,17583924,BrightonLiu-zZ,2025-10-31,23:53:50,-07:00,2025-10-31T23:53:50-07:00,0,18
style.css,202,css,17583924,BrightonLiu-zZ,2025-10-31,23:53:50,-07:00,2025-10-31T23:53:50-07:00,1,14
style.css,203,css,17583924,BrightonLiu-zZ,2025-10-31,23:53:50,-07:00,2025-10-31T23:53:50-07:00,1,13
style.css,204,css,17583924,BrightonLiu-zZ,2025-10-31,23:53:50,-07:00,2025-10-31T23:53:50-07:00,1,16
style.css,205,css,17583924,BrightonLiu-zZ,2025-10-31,23:53:50,-07:00,2025-10-31T23:53:50-07:00,1,16
style.css,206,css,17583924,BrightonLiu-zZ,2025-10-31,23:53:50,-07:00,2025-10-31T23:53:50-07:00,0,0
style.css,207,css,17583924,BrightonLiu-zZ,2025-10-31,23:53:50,-07:00,2025-10-31T23:53:50-07:00,0,0
style.css,208,css,17583924,BrightonLiu-zZ,2025-10-31,23:53:50,-07:00,2025-10-31T23:53:50-07:00,0,63
style.css,209,css,17583924,BrightonLiu-zZ,2025-10-31,23:53:50,-07:00,2025-10-31T23:53:50-07:00,0,51
style.css,210,css,17583924,BrightonLiu-zZ,2025-10-31,23:53:50,-07:00,2025-10-31T23:53:50-07:00,1,11
style.css,211,css,17583924,BrightonLiu-zZ,2025-10-31,23:53:50,-07:00,2025-10-31T23:53:50-07:00,0,0
style.css,212,css,17583924,BrightonLiu-zZ,2025-10-31,23:53:50,-07:00,2025-10-31T23:53:50-07:00,0,0
style.css,213,css,17583924,BrightonLiu-zZ,2025-10-31,23:53:50,-07:00,2025-10-31T23:53:50-07:00,0,21
style.css,214,css,17583924,BrightonLiu-zZ,2025-10-31,23:53:50,-07:00,2025-10-31T23:53:50-07:00,0,23
style.css,215,css,17583924,BrightonLiu-zZ,2025-10-31,23:53:50,-07:00,2025-10-31T23:53:50-07:00,1,16
style.css,216,css,17583924,BrightonLiu-zZ,2025-10-31,23:53:50,-07:00,2025-10-31T23:53:50-07:00,0,0
style.css,217,css,17583924,BrightonLiu-zZ,2025-10-31,23:53:50,-07:00,2025-10-31T23:53:50-07:00,0,0
style.css,218,css,17583924,BrightonLiu-zZ,2025-10-31,23:53:50,-07:00,2025-10-31T23:53:50-07:00,0,53
style.css,219,css,17583924,BrightonLiu-zZ,2025-10-31,23:53:50,-07:00,2025-10-31T23:53:50-07:00,0,9
style.css,220,css,17583924,BrightonLiu-zZ,2025-10-31,23:53:50,-07:00,2025-10-31T23:53:50-07:00,1,67
style.css,221,css,17583924,BrightonLiu-zZ,2025-10-31,23:53:50,-07:00,2025-10-31T23:53:50-07:00,1,36
style.css,222,css,17583924,BrightonLiu-zZ,2025-10-31,23:53:50,-07:00,2025-10-31T23:53:50-07:00,0,0
style.css,223,css,17583924,BrightonLiu-zZ,2025-10-31,23:53:50,-07:00,2025-10-31T23:53:50-07:00,0,0
style.css,224,css,17583924,BrightonLiu-zZ,2025-10-31,23:53:50,-07:00,2025-10-31T23:53:50-07:00,0,61
style.css,225,css,17583924,BrightonLiu-zZ,2025-10-31,23:53:50,-07:00,2025-10-31T23:53:50-07:00,0,18
style.css,226,css,17583924,BrightonLiu-zZ,2025-10-31,23:53:50,-07:00,2025-10-31T23:53:50-07:00,1,17
style.css,227,css,17583924,BrightonLiu-zZ,2025-10-31,23:53:50,-07:00,2025-10-31T23:53:50-07:00,0,0
style.css,228,css,17583924,BrightonLiu-zZ,2025-10-31,23:53:50,-07:00,2025-10-31T23:53:50-07:00,0,0
style.css,229,css,17583924,BrightonLiu-zZ,2025-10-31,23:53:50,-07:00,2025-10-31T23:53:50-07:00,0,30
style.css,230,css,17583924,BrightonLiu-zZ,2025-10-31,23:53:50,-07:00,2025-10-31T23:53:50-07:00,0,23
style.css,231,css,17583924,BrightonLiu-zZ,2025-10-31,23:53:50,-07:00,2025-10-31T23:53:50-07:00,1,14
style.css,232,css,17583924,BrightonLiu-zZ,2025-10-31,23:53:50,-07:00,2025-10-31T23:53:50-07:00,0,0
style.css,233,css,17583924,BrightonLiu-zZ,2025-10-31,23:53:50,-07:00,2025-10-31T23:53:50-07:00,0,0
style.css,234,css,17583924,BrightonLiu-zZ,2025-10-31,23:53:50,-07:00,2025-10-31T23:53:50-07:00,0,0
style.css,235,css,8f00abb0,BrightonLiu-zZ,2025-10-09,22:18:40,-07:00,2025-10-09T22:18:40-07:00,0,53
style.css,236,css,8f00abb0,BrightonLiu-zZ,2025-10-09,22:18:40,-07:00,2025-10-09T22:18:40-07:00,0,2
style.css,237,css,8f00abb0,BrightonLiu-zZ,2025-10-09,22:18:40,-07:00,2025-10-09T22:18:40-07:00,1,51
style.css,238,css,8f00abb0,BrightonLiu-zZ,2025-10-09,22:18:40,-07:00,2025-10-09T22:18:40-07:00,1,15
style.css,239,css,8f00abb0,BrightonLiu-zZ,2025-10-09,22:18:40,-07:00,2025-10-09T22:18:40-07:00,1,17
style.css,240,css,8f00abb0,BrightonLiu-zZ,2025-10-09,22:18:40,-07:00,2025-10-09T22:18:40-07:00,1,17
style.css,241,css,8f00abb0,BrightonLiu-zZ,2025-10-09,22:18:40,-07:00,2025-10-09T22:18:40-07:00,0,0
style.css,242,css,8f00abb0,BrightonLiu-zZ,2025-10-09,22:18:40,-07:00,2025-10-09T22:18:40-07:00,0,0
style.css,243,css,8f00abb0,BrightonLiu-zZ,2025-10-09,22:18:40,-07:00,2025-10-09T22:18:40-07:00,0,27
style.css,244,css,8f00abb0,BrightonLiu-zZ,2025-10-09,22:18:40,-07:00,2025-10-09T22:18:40-07:00,1,15
style.css,245,css,8f00abb0,BrightonLiu-zZ,2025-10-09,22:18:40,-07:00,2025-10-09T22:18:40-07:00,1,17
style.css,246,css,8f00abb0,BrightonLiu-zZ,2025-10-09,22:18:40,-07:00,2025-10-09T22:18:40-07:00,0,0
style.css,247,css,8f00abb0,BrightonLiu-zZ,2025-10-09,22:18:40,-07:00,2025-10-09T22:18:40-07:00,0,0
style.css,248,css,8f00abb0,BrightonLiu-zZ,2025-10-09,22:18:40,-07:00,2025-10-09T22:18:40-07:00,0,21
style.css,249,css,0612edcb,BrightonLiu-zZ,2025-10-16,21:44:55,-07:00,2025-10-16T21:44:55-07:00,0,0
style.css,250,css,0612edcb,BrightonLiu-zZ,2025-10-16,21:44:55,-07:00,2025-10-16T21:44:55-07:00,0,0
style.css,251,css,0612edcb,BrightonLiu-zZ,2025-10-16,21:44:55,-07:00,2025-10-16T21:44:55-07:00,0,37
style.css,252,css,0612edcb,BrightonLiu-zZ,2025-10-16,21:44:55,-07:00,2025-10-16T21:44:55-07:00,0,18
style.css,253,css,0612edcb,BrightonLiu-zZ,2025-10-16,21:44:55,-07:00,2025-10-16T21:44:55-07:00,1,17
style.css,254,css,0612edcb,BrightonLiu-zZ,2025-10-16,21:44:55,-07:00,2025-10-16T21:44:55-07:00,1,8
style.css,255,css,0612edcb,BrightonLiu-zZ,2025-10-16,21:44:55,-07:00,2025-10-16T21:44:55-07:00,1,10
style.css,256,css,0612edcb,BrightonLiu-zZ,2025-10-16,21:44:55,-07:00,2025-10-16T21:44:55-07:00,1,13
style.css,257,css,0612edcb,BrightonLiu-zZ,2025-10-16,21:44:55,-07:00,2025-10-16T21:44:55-07:00,0,0
style.css,258,css,0612edcb,BrightonLiu-zZ,2025-10-16,21:44:55,-07:00,2025-10-16T21:44:55-07:00,0,0
style.css,259,css,0612edcb,BrightonLiu-zZ,2025-10-16,21:44:55,-07:00,2025-10-16T21:44:55-07:00,0,75
style.css,260,css,0612edcb,BrightonLiu-zZ,2025-10-16,21:44:55,-07:00,2025-10-16T21:44:55-07:00,0,31
style.css,261,css,0612edcb,BrightonLiu-zZ,2025-10-16,21:44:55,-07:00,2025-10-16T21:44:55-07:00,1,12
style.css,262,css,0612edcb,BrightonLiu-zZ,2025-10-16,21:44:55,-07:00,2025-10-16T21:44:55-07:00,0,0
style.css,263,css,65866f21,BrightonLiu-zZ,2025-10-24,22:21:58,-07:00,2025-10-24T22:21:58-07:00,0,0
style.css,264,css,65866f21,BrightonLiu-zZ,2025-10-24,22:21:58,-07:00,2025-10-24T22:21:58-07:00,0,42
style.css,265,css,65866f21,BrightonLiu-zZ,2025-10-24,22:21:58,-07:00,2025-10-24T22:21:58-07:00,0,17
style.css,266,css,65866f21,BrightonLiu-zZ,2025-10-24,22:21:58,-07:00,2025-10-24T22:21:58-07:00,1,12
style.css,267,css,65866f21,BrightonLiu-zZ,2025-10-24,22:21:58,-07:00,2025-10-24T22:21:58-07:00,1,61
style.css,268,css,65866f21,BrightonLiu-zZ,2025-10-24,22:21:58,-07:00,2025-10-24T22:21:58-07:00,1,64
style.css,269,css,65866f21,BrightonLiu-zZ,2025-10-24,22:21:58,-07:00,2025-10-24T22:21:58-07:00,1,67
style.css,270,css,65866f21,BrightonLiu-zZ,2025-10-24,22:21:58,-07:00,2025-10-24T22:21:58-07:00,1,65
style.css,271,css,65866f21,BrightonLiu-zZ,2025-10-24,22:21:58,-07:00,2025-10-24T22:21:58-07:00,0,0
style.css,272,css,65866f21,BrightonLiu-zZ,2025-10-24,22:21:58,-07:00,2025-10-24T22:21:58-07:00,0,0
style.css,273,css,65866f21,BrightonLiu-zZ,2025-10-24,22:21:58,-07:00,2025-10-24T22:21:58-07:00,0,16
style.css,274,css,65866f21,BrightonLiu-zZ,2025-10-24,22:21:58,-07:00,2025-10-24T22:21:58-07:00,0,17
style.css,275,css,65866f21,BrightonLiu-zZ,2025-10-24,22:21:58,-07:00,2025-10-24T22:21:58-07:00,1,64
style.css,276,css,65866f21,BrightonLiu-zZ,2025-10-24,22:21:58,-07:00,2025-10-24T22:21:58-07:00,0,0
style.css,277,css,65866f21,BrightonLiu-zZ,2025-10-24,22:21:58,-07:00,2025-10-24T22:21:58-07:00,0,0
style.css,278,css,65866f21,BrightonLiu-zZ,2025-10-24,22:21:58,-07:00,2025-10-24T22:21:58-07:00,0,17
style.css,279,css,65866f21,BrightonLiu-zZ,2025-10-24,22:21:58,-07:00,2025-10-24T22:21:58-07:00,1,60
style.css,280,css,65866f21,BrightonLiu-zZ,2025-10-24,22:21:58,-07:00,2025-10-24T22:21:58-07:00,1,57
style.css,281,css,65866f21,BrightonLiu-zZ,2025-10-24,22:21:58,-07:00,2025-10-24T22:21:58-07:00,1,20
style.css,282,css,65866f21,BrightonLiu-zZ,2025-10-24,22:21:58,-07:00,2025-10-24T22:21:58-07:00,1,16
style.css,283,css,65866f21,BrightonLiu-zZ,2025-10-24,22:21:58,-07:00,2025-10-24T22:21:58-07:00,1,51
style.css,284,css,65866f21,BrightonLiu-zZ,2025-10-24,22:21:58,-07:00,2025-10-24T22:21:58-07:00,0,0
style.css,285,css,65866f21,BrightonLiu-zZ,2025-10-24,22:21:58,-07:00,2025-10-24T22:21:58-07:00,0,0
style.css,286,css,65866f21,BrightonLiu-zZ,2025-10-24,22:21:58,-07:00,2025-10-24T22:21:58-07:00,0,17
style.css,287,css,65866f21,BrightonLiu-zZ,2025-10-24,22:21:58,-07:00,2025-10-24T22:21:58-07:00,1,61
style.css,288,css,65866f21,BrightonLiu-zZ,2025-10-24,22:21:58,-07:00,2025-10-24T22:21:58-07:00,1,15
style.css,289,css,65866f21,BrightonLiu-zZ,2025-10-24,22:21:58,-07:00,2025-10-24T22:21:58-07:00,1,67
style.css,290,css,65866f21,BrightonLiu-zZ,2025-10-24,22:21:58,-07:00,2025-10-24T22:21:58-07:00,0,0
style.css,291,css,17583924,BrightonLiu-zZ,2025-10-31,23:53:50,-07:00,2025-10-31T23:53:50-07:00,0,0
style.css,292,css,17583924,BrightonLiu-zZ,2025-10-31,23:53:50,-07:00,2025-10-31T23:53:50-07:00,0,51
style.css,293,css,17583924,BrightonLiu-zZ,2025-10-31,23:53:50,-07:00,2025-10-31T23:53:50-07:00,0,7
style.css,294,css,17583924,BrightonLiu-zZ,2025-10-31,23:53:50,-07:00,2025-10-31T23:53:50-07:00,1,12
style.css,295,css,17583924,BrightonLiu-zZ,2025-10-31,23:53:50,-07:00,2025-10-31T23:53:50-07:00,1,57
style.css,296,css,17583924,BrightonLiu-zZ,2025-10-31,23:53:50,-07:00,2025-10-31T23:53:50-07:00,1,10
style.css,297,css,17583924,BrightonLiu-zZ,2025-10-31,23:53:50,-07:00,2025-10-31T23:53:50-07:00,1,36
style.css,298,css,17583924,BrightonLiu-zZ,2025-10-31,23:53:50,-07:00,2025-10-31T23:53:50-07:00,1,20
style.css,299,css,17583924,BrightonLiu-zZ,2025-10-31,23:53:50,-07:00,2025-10-31T23:53:50-07:00,1,22
style.css,300,css,17583924,BrightonLiu-zZ,2025-10-31,23:53:50,-07:00,2025-10-31T23:53:50-07:00,1,19
style.css,301,css,17583924,BrightonLiu-zZ,2025-10-31,23:53:50,-07:00,2025-10-31T23:53:50-07:00,0,0
style.css,302,css,17583924,BrightonLiu-zZ,2025-10-31,23:53:50,-07:00,2025-10-31T23:53:50-07:00,0,0
style.css,303,css,17583924,BrightonLiu-zZ,2025-10-31,23:53:50,-07:00,2025-10-31T23:53:50-07:00,0,41
style.css,304,css,17583924,BrightonLiu-zZ,2025-10-31,23:53:50,-07:00,2025-10-31T23:53:50-07:00,0,13
style.css,305,css,17583924,BrightonLiu-zZ,2025-10-31,23:53:50,-07:00,2025-10-31T23:53:50-07:00,1,12
style.css,306,css,17583924,BrightonLiu-zZ,2025-10-31,23:53:50,-07:00,2025-10-31T23:53:50-07:00,1,18
style.css,307,css,17583924,BrightonLiu-zZ,2025-10-31,23:53:50,-07:00,2025-10-31T23:53:50-07:00,1,62
style.css,308,css,17583924,BrightonLiu-zZ,2025-10-31,23:53:50,-07:00,2025-10-31T23:53:50-07:00,1,51
style.css,309,css,17583924,BrightonLiu-zZ,2025-10-31,23:53:50,-07:00,2025-10-31T23:53:50-07:00,0,0
style.css,310,css,17583924,BrightonLiu-zZ,2025-10-31,23:53:50,-07:00,2025-10-31T23:53:50-07:00,0,0
style.css,311,css,17583924,BrightonLiu-zZ,2025-10-31,23:53:50,-07:00,2025-10-31T23:53:50-07:00,0,25
style.css,312,css,17583924,BrightonLiu-zZ,2025-10-31,23:53:50,-07:00,2025-10-31T23:53:50-07:00,0,21
style.css,313,css,17583924,BrightonLiu-zZ,2025-10-31,23:53:50,-07:00,2025-10-31T23:53:50-07:00,1,65
style.css,314,css,17583924,BrightonLiu-zZ,2025-10-31,23:53:50,-07:00,2025-10-31T23:53:50-07:00,1,11
style.css,315,css,17583924,BrightonLiu-zZ,2025-10-31,23:53:50,-07:00,2025-10-31T23:53:50-07:00,1,12
style.css,316,css,17583924,BrightonLiu-zZ,2025-10-31,23:53:50,-07:00,2025-10-31T23:53:50-07:00,1,18
style.css,317,css,17583924,BrightonLiu-zZ,2025-10-31,23:53:50,-07:00,2025-10-31T23:53:50-07:00,1,29
style.css,318,css,17583924,BrightonLiu-zZ,2025-10-31,23:53:50,-07:00,2025-10-31T23:53:50-07:00,1,67
style.css,319,css,17583924,BrightonLiu-zZ,2025-10-31,23:53:50,-07:00,2025-10-31T23:53:50-07:00,1,31
style.css,320,css,17583924,BrightonLiu-zZ,2025-10-31,23:53:50,-07:00,2025-10-31T23:53:50-07:00,0,0
style.css,321,css,17583924,BrightonLiu-zZ,2025-10-31,23:53:50,-07:00,2025-10-31T23:53:50-07:00,0,0
style.css,322,css,17583924,BrightonLiu-zZ,2025-10-31,23:53:50,-07:00,2025-10-31T23:53:50-07:00,0,27
style.css,323,css,17583924,BrightonLiu-zZ,2025-10-31,23:53:50,-07:00,2025-10-31T23:53:50-07:00,0,16
style.css,324,css,17583924,BrightonLiu-zZ,2025-10-31,23:53:50,-07:00,2025-10-31T23:53:50-07:00,1,17
style.css,325,css,17583924,BrightonLiu-zZ,2025-10-31,23:53:50,-07:00,2025-10-31T23:53:50-07:00,1,10
style.css,326,css,17583924,BrightonLiu-zZ,2025-10-31,23:53:50,-07:00,2025-10-31T23:53:50-07:00,0,0
style.css,327,css,17583924,BrightonLiu-zZ,2025-10-31,23:53:50,-07:00,2025-10-31T23:53:50-07:00,0,0
style.css,328,css,17583924,BrightonLiu-zZ,2025-10-31,23:53:50,-07:00,2025-10-31T23:53:50-07:00,0,11
style.css,329,css,17583924,BrightonLiu-zZ,2025-10-31,23:53:50,-07:00,2025-10-31T23:53:50-07:00,1,12
style.css,330,css,17583924,BrightonLiu-zZ,2025-10-31,23:53:50,-07:00,2025-10-31T23:53:50-07:00,1,18
style.css,331,css,17583924,BrightonLiu-zZ,2025-10-31,23:53:50,-07:00,2025-10-31T23:53:50-07:00,1,8
style.css,332,css,17583924,BrightonLiu-zZ,2025-10-31,23:53:50,-07:00,2025-10-31T23:53:50-07:00,1,49
style.css,333,css,17583924,BrightonLiu-zZ,2025-10-31,23:53:50,-07:00,2025-10-31T23:53:50-07:00,0,0
style.css,334,css,17583924,BrightonLiu-zZ,2025-10-31,23:53:50,-07:00,2025-10-31T23:53:50-07:00,0,0
style.css,335,css,17583924,BrightonLiu-zZ,2025-10-31,23:53:50,-07:00,2025-10-31T23:53:50-07:00,0,19
style.css,336,css,17583924,BrightonLiu-zZ,2025-10-31,23:53:50,-07:00,2025-10-31T23:53:50-07:00,1,6
style.css,337,css,17583924,BrightonLiu-zZ,2025-10-31,23:53:50,-07:00,2025-10-31T23:53:50-07:00,1,14
style.css,338,css,17583924,BrightonLiu-zZ,2025-10-31,23:53:50,-07:00,2025-10-31T23:53:50-07:00,1,65
style.css,339,css,17583924,BrightonLiu-zZ,2025-10-31,23:53:50,-07:00,2025-10-31T23:53:50-07:00,1,85
style.css,340,css,17583924,BrightonLiu-zZ,2025-10-31,23:53:50,-07:00,2025-10-31T23:53:50-07:00,0,0
style.css,341,css,17583924,BrightonLiu-zZ,2025-10-31,23:53:50,-07:00,2025-10-31T23:53:50-07:00,0,0
style.css,342,css,17583924,BrightonLiu-zZ,2025-10-31,23:53:50,-07:00,2025-10-31T23:53:50-07:00,0,0
style.css,343,css,17583924,BrightonLiu-zZ,2025-10-31,23:53:50,-07:00,2025-10-31T23:53:50-07:00,0,71
style.css,344,css,17583924,BrightonLiu-zZ,2025-10-31,23:53:50,-07:00,2025-10-31T23:53:50-07:00,0,82
style.css,345,css,17583924,BrightonLiu-zZ,2025-10-31,23:53:50,-07:00,2025-10-31T23:53:50-07:00,0,0
style.css,346,css,17583924,BrightonLiu-zZ,2025-10-31,23:53:50,-07:00,2025-10-31T23:53:50-07:00,0,44
style.css,347,css,17583924,BrightonLiu-zZ,2025-10-31,23:53:50,-07:00,2025-10-31T23:53:50-07:00,0,10
style.css,348,css,17583924,BrightonLiu-zZ,2025-10-31,23:53:50,-07:00,2025-10-31T23:53:50-07:00,1,10
style.css,349,css,17583924,BrightonLiu-zZ,2025-10-31,23:53:50,-07:00,2025-10-31T23:53:50-07:00,1,21
style.css,350,css,17583924,BrightonLiu-zZ,2025-10-31,23:53:50,-07:00,2025-10-31T23:53:50-07:00,1,20
style.css,351,css,17583924,BrightonLiu-zZ,2025-10-31,23:53:50,-07:00,2025-10-31T23:53:50-07:00,1,23
style.css,352,css,17583924,BrightonLiu-zZ,2025-10-31,23:53:50,-07:00,2025-10-31T23:53:50-07:00,0,0
index.js,1,js,65866f21,BrightonLiu-zZ,2025-10-24,22:21:58,-07:00,2025-10-24T22:21:58-07:00,0,69
index.js,2,js,65866f21,BrightonLiu-zZ,2025-10-24,22:21:58,-07:00,2025-10-24T22:21:58-07:00,0,71
index.js,3,js,65866f21,BrightonLiu-zZ,2025-10-24,22:21:58,-07:00,2025-10-24T22:21:58-07:00,0,0
index.js,4,js,65866f21,BrightonLiu-zZ,2025-10-24,22:21:58,-07:00,2025-10-24T22:21:58-07:00,0,12
index.js,5,js,65866f21,BrightonLiu-zZ,2025-10-24,22:21:58,-07:00,2025-10-24T22:21:58-07:00,1,36
index.js,6,js,65866f21,BrightonLiu-zZ,2025-10-24,22:21:58,-07:00,2025-10-24T22:21:58-07:00,1,54
index.js,7,js,65866f21,BrightonLiu-zZ,2025-10-24,22:21:58,-07:00,2025-10-24T22:21:58-07:00,0,0
index.js,8,js,65866f21,BrightonLiu-zZ,2025-10-24,22:21:58,-07:00,2025-10-24T22:21:58-07:00,1,29
index.js,9,js,65866f21,BrightonLiu-zZ,2025-10-24,22:21:58,-07:00,2025-10-24T22:21:58-07:00,1,42
index.js,10,js,65866f21,BrightonLiu-zZ,2025-10-24,22:21:58,-07:00,2025-10-24T22:21:58-07:00,0,0
index.js,11,js,65866f21,BrightonLiu-zZ,2025-10-24,22:21:58,-07:00,2025-10-24T22:21:58-07:00,1,32
index.js,12,js,65866f21,BrightonLiu-zZ,2025-10-24,22:21:58,-07:00,2025-10-24T22:21:58-07:00,1,60
index.js,13,js,65866f21,BrightonLiu-zZ,2025-10-24,22:21:58,-07:00,2025-10-24T22:21:58-07:00,0,0
index.js,14,js,65866f21,BrightonLiu-zZ,2025-10-24,22:21:58,-07:00,2025-10-24T22:21:58-07:00,1,64
index.js,15,js,65866f21,BrightonLiu-zZ,2025-10-24,22:21:58,-07:00,2025-10-24T22:21:58-07:00,1,54
index.js,16,js,65866f21,BrightonLiu-zZ,2025-10-24,22:21:58,-07:00,2025-10-24T22:21:58-07:00,0,0
index.js,17,js,65866f21,BrightonLiu-zZ,2025-10-24,22:21:58,-07:00,2025-10-24T22:21:58-07:00,1,57
index.js,18,js,65866f21,BrightonLiu-zZ,2025-10-24,22:21:58,-07:00,2025-10-24T22:21:58-07:00,1,60
index.js,19,js,65866f21,BrightonLiu-zZ,2025-10-24,22:21:58,-07:00,2025-10-24T22:21:58-07:00,0,0
index.js,20,js,65866f21,BrightonLiu-zZ,2025-10-24,22:21:58,-07:00,2025-10-24T22:21:58-07:00,1,52
index.js,21,js,65866f21,BrightonLiu-zZ,2025-10-24,22:21:58,-07:00,2025-10-24T22:21:58-07:00,1,17
index.js,22,js,65866f21,BrightonLiu-zZ,2025-10-24,22:21:58,-07:00,2025-10-24T22:21:58-07:00,2,24
index.js,23,js,65866f21,BrightonLiu-zZ,2025-10-24,22:21:58,-07:00,2025-10-24T22:21:58-07:00,3,2
index.js,24,js,65866f21,BrightonLiu-zZ,2025-10-24,22:21:58,-07:00,2025-10-24T22:21:58-07:00,4,55
index.js,25,js,65866f21,BrightonLiu-zZ,2025-10-24,22:21:58,-07:00,2025-10-24T22:21:58-07:00,4,55
index.js,26,js,65866f21,BrightonLiu-zZ,2025-10-24,22:21:58,-07:00,2025-10-24T22:21:58-07:00,4,49
index.js,27,js,65866f21,BrightonLiu-zZ,2025-10-24,22:21:58,-07:00,2025-10-24T22:21:58-07:00,4,49
index.js,28,js,65866f21,BrightonLiu-zZ,2025-10-24,22:21:58,-07:00,2025-10-24T22:21:58-07:00,3,3
index.js,29,js,65866f21,BrightonLiu-zZ,2025-10-24,22:21:58,-07:00,2025-10-24T22:21:58-07:00,2,0
index.js,30,js,65866f21,BrightonLiu-zZ,2025-10-24,22:21:58,-07:00,2025-10-24T22:21:58-07:00,1,0
index.js,31,js,65866f21,BrightonLiu-zZ,2025-10-24,22:21:58,-07:00,2025-10-24T22:21:58-07:00,1,22
index.js,32,js,65866f21,BrightonLiu-zZ,2025-10-24,22:21:58,-07:00,2025-10-24T22:21:58-07:00,0,3
index.html,1,html,7fe8460,BrightonLiu-zZ,2025-10-03,15:48:20,-07:00,2025-10-03T15:48:20-07:00,0,13
index.html,2,html,7fe8460,BrightonLiu-zZ,2025-10-03,15:48:20,-07:00,2025-10-03T15:48:20-07:00,0,14
index.html,3,html,7fe8460,BrightonLiu-zZ,2025-10-03,15:48:20,-07:00,2025-10-03T15:48:20-07:00,0,4
index.html,4,html,7fe8460,BrightonLiu-zZ,2025-10-03,15:48:20,-07:00,2025-10-03T15:48:20-07:00,2,20
index.html,5,html,7fe8460,BrightonLiu-zZ,2025-10-03,15:48:20,-07:00,2025-10-03T15:48:20-07:00,2,68
index.html,6,html,7fe8460,BrightonLiu-zZ,2025-10-03,15:48:20,-07:00,2025-10-03T15:48:20-07:00,2,56
index.html,7,html,e42e3b12,BrightonLiu-zZ,2025-10-03,17:42:06,-07:00,2025-10-03T17:42:06-07:00,2,38
index.html,8,html,7fe8460,BrightonLiu-zZ,2025-10-03,15:48:20,-07:00,2025-10-03T15:48:20-07:00,0,5
index.html,9,html,7fe8460,BrightonLiu-zZ,2025-10-03,15:48:20,-07:00,2025-10-03T15:48:20-07:00,0,4
index.html,10,html,05d423d1,BrightonLiu-zZ,2025-10-09,21:25:29,-07:00,2025-10-09T21:25:29-07:00,2,17
index.html,11,html,05d423d1,BrightonLiu-zZ,2025-10-09,21:25:29,-07:00,2025-10-09T21:25:29-07:00,4,2
index.html,12,html,190b3c1c,BrightonLiu-zZ,2025-10-09,23:32:30,-07:00,2025-10-09T23:32:30-07:00,6,10
index.html,13,html,05d423d1,BrightonLiu-zZ,2025-10-09,21:25:29,-07:00,2025-10-09T21:25:29-07:00,4,3
index.html,14,html,05d423d1,BrightonLiu-zZ,2025-10-09,21:25:29,-07:00,2025-10-09T21:25:29-07:00,4,1
index.html,15,html,05d423d1,BrightonLiu-zZ,2025-10-09,21:25:29,-07:00,2025-10-09T21:25:29-07:00,6,59
index.html,16,html,05d423d1,BrightonLiu-zZ,2025-10-09,21:25:29,-07:00,2025-10-09T21:25:29-07:00,4,2
index.html,17,html,05d423d1,BrightonLiu-zZ,2025-10-09,21:25:29,-07:00,2025-10-09T21:25:29-07:00,6,69
index.html,18,html,65866f21,BrightonLiu-zZ,2025-10-24,22:21:58,-07:00,2025-10-24T22:21:58-07:00,4,49
index.html,19,html,65866f21,BrightonLiu-zZ,2025-10-24,22:21:58,-07:00,2025-10-24T22:21:58-07:00,6,51
index.html,20,html,65866f21,BrightonLiu-zZ,2025-10-24,22:21:58,-07:00,2025-10-24T22:21:58-07:00,6,56
index.html,21,html,65866f21,BrightonLiu-zZ,2025-10-24,22:21:58,-07:00,2025-10-24T22:21:58-07:00,4,8
index.html,22,html,65866f21,BrightonLiu-zZ,2025-10-24,22:21:58,-07:00,2025-10-24T22:21:58-07:00,4,40
index.html,23,html,65866f21,BrightonLiu-zZ,2025-10-24,22:21:58,-07:00,2025-10-24T22:21:58-07:00,6,42
index.html,24,html,65866f21,BrightonLiu-zZ,2025-10-24,22:21:58,-07:00,2025-10-24T22:21:58-07:00,6,28
index.html,25,html,65866f21,BrightonLiu-zZ,2025-10-24,22:21:58,-07:00,2025-10-24T22:21:58-07:00,4,8
index.html,26,html,65866f21,BrightonLiu-zZ,2025-10-24,22:21:58,-07:00,2025-10-24T22:21:58-07:00,0,0
index.html,27,html,05d423d1,BrightonLiu-zZ,2025-10-09,21:25:29,-07:00,2025-10-09T21:25:29-07:00,2,5
index.html,28,html,65866f21,BrightonLiu-zZ,2025-10-24,22:21:58,-07:00,2025-10-24T22:21:58-07:00,2,50
index.html,29,html,7fe8460,BrightonLiu-zZ,2025-10-03,15:48:20,-07:00,2025-10-03T15:48:20-07:00,0,5
index.html,30,html,7fe8460,BrightonLiu-zZ,2025-10-03,15:48:20,-07:00,2025-10-03T15:48:20-07:00,0,5
global.js,1,js,3ddacdb4,BrightonLiu-zZ,2025-10-16,20:22:32,-07:00,2025-10-16T20:22:32-07:00,0,11
global.js,2,js,f6c74f7a,BrightonLiu-zZ,2025-10-16,20:33:43,-07:00,2025-10-16T20:33:43-07:00,0,25
global.js,3,js,3ddacdb4,BrightonLiu-zZ,2025-10-16,20:22:32,-07:00,2025-10-16T20:22:32-07:00,0,0
global.js,4,js,2c4fb1eb,BrightonLiu-zZ,2025-10-16,21:12:10,-07:00,2025-10-16T21:12:10-07:00,0,37
global.js,5,js,f6c74f7a,BrightonLiu-zZ,2025-10-16,20:33:43,-07:00,2025-10-16T20:33:43-07:00,0,41
global.js,6,js,3ddacdb4,BrightonLiu-zZ,2025-10-16,20:22:32,-07:00,2025-10-16T20:22:32-07:00,1,52
global.js,7,js,3ddacdb4,BrightonLiu-zZ,2025-10-16,20:22:32,-07:00,2025-10-16T20:22:32-07:00,0,0
global.js,8,js,9b545e8e,BrightonLiu-zZ,2025-10-16,20:45:10,-07:00,2025-10-16T20:45:10-07:00,0,0
global.js,9,js,487fa6eb,BrightonLiu-zZ,2025-10-16,21:38:45,-07:00,2025-10-16T21:38:45-07:00,0,28
global.js,10,js,487fa6eb,BrightonLiu-zZ,2025-10-16,21:38:45,-07:00,2025-10-16T21:38:45-07:00,1,25
global.js,11,js,487fa6eb,BrightonLiu-zZ,2025-10-16,21:38:45,-07:00,2025-10-16T21:38:45-07:00,1,28
global.js,12,js,2c4fb1eb,BrightonLiu-zZ,2025-10-16,21:12:10,-07:00,2025-10-16T21:12:10-07:00,0,0
global.js,13,js,2c4fb1eb,BrightonLiu-zZ,2025-10-16,21:12:10,-07:00,2025-10-16T21:12:10-07:00,0,48
global.js,14,js,af25a385,BrightonLiu-zZ,2025-10-16,20:54:24,-07:00,2025-10-16T20:54:24-07:00,0,13
global.js,15,js,af25a385,BrightonLiu-zZ,2025-10-16,20:54:24,-07:00,2025-10-16T20:54:24-07:00,1,38
global.js,16,js,af25a385,BrightonLiu-zZ,2025-10-16,20:54:24,-07:00,2025-10-16T20:54:24-07:00,1,38
global.js,17,js,af25a385,BrightonLiu-zZ,2025-10-16,20:54:24,-07:00,2025-10-16T20:54:24-07:00,1,38
global.js,18,js,af25a385,BrightonLiu-zZ,2025-10-16,20:54:24,-07:00,2025-10-16T20:54:24-07:00,1,38
global.js,19,js,00000000,Not Committed Yet,2025-11-06,14:58:16,-08:00,2025-11-06T14:58:16-08:00,1,38
global.js,20,js,af25a385,BrightonLiu-zZ,2025-10-16,20:54:24,-07:00,2025-10-16T20:54:24-07:00,0,0
global.js,21,js,9b545e8e,BrightonLiu-zZ,2025-10-16,20:45:10,-07:00,2025-10-16T20:45:10-07:00,0,0
global.js,22,js,2c4fb1eb,BrightonLiu-zZ,2025-10-16,21:12:10,-07:00,2025-10-16T21:12:10-07:00,0,48
global.js,23,js,2c4fb1eb,BrightonLiu-zZ,2025-10-16,21:12:10,-07:00,2025-10-16T21:12:10-07:00,0,40
global.js,24,js,2c4fb1eb,BrightonLiu-zZ,2025-10-16,21:12:10,-07:00,2025-10-16T21:12:10-07:00,0,25
global.js,25,js,2c4fb1eb,BrightonLiu-zZ,2025-10-16,21:12:10,-07:00,2025-10-16T21:12:10-07:00,0,0
global.js,26,js,2c4fb1eb,BrightonLiu-zZ,2025-10-16,21:12:10,-07:00,2025-10-16T21:12:10-07:00,0,55
global.js,27,js,2bfa4f15,BrightonLiu-zZ,2025-10-16,20:59:57,-07:00,2025-10-16T20:59:57-07:00,0,15
global.js,28,js,2bfa4f15,BrightonLiu-zZ,2025-10-16,20:59:57,-07:00,2025-10-16T20:59:57-07:00,1,70
global.js,29,js,2bfa4f15,BrightonLiu-zZ,2025-10-16,20:59:57,-07:00,2025-10-16T20:59:57-07:00,2,3
global.js,30,js,121349da,BrightonLiu-zZ,2025-10-16,21:51:12,-07:00,2025-10-16T21:51:12-07:00,2,76
global.js,31,js,af25a385,BrightonLiu-zZ,2025-10-16,20:54:24,-07:00,2025-10-16T20:54:24-07:00,0,0
global.js,32,js,2c4fb1eb,BrightonLiu-zZ,2025-10-16,21:12:10,-07:00,2025-10-16T21:12:10-07:00,0,64
global.js,33,js,2c4fb1eb,BrightonLiu-zZ,2025-10-16,21:12:10,-07:00,2025-10-16T21:12:10-07:00,0,22
global.js,34,js,2c4fb1eb,BrightonLiu-zZ,2025-10-16,21:12:10,-07:00,2025-10-16T21:12:10-07:00,1,51
global.js,35,js,2c4fb1eb,BrightonLiu-zZ,2025-10-16,21:12:10,-07:00,2025-10-16T21:12:10-07:00,1,62
global.js,36,js,af25a385,BrightonLiu-zZ,2025-10-16,20:54:24,-07:00,2025-10-16T20:54:24-07:00,0,0
global.js,37,js,487fa6eb,BrightonLiu-zZ,2025-10-16,21:38:45,-07:00,2025-10-16T21:38:45-07:00,1,22
global.js,38,js,2bfa4f15,BrightonLiu-zZ,2025-10-16,20:59:57,-07:00,2025-10-16T20:59:57-07:00,1,36
global.js,39,js,2bfa4f15,BrightonLiu-zZ,2025-10-16,20:59:57,-07:00,2025-10-16T20:59:57-07:00,1,11
global.js,40,js,2bfa4f15,BrightonLiu-zZ,2025-10-16,20:59:57,-07:00,2025-10-16T20:59:57-07:00,1,22
global.js,41,js,af25a385,BrightonLiu-zZ,2025-10-16,20:54:24,-07:00,2025-10-16T20:54:24-07:00,0,0
global.js,42,js,487fa6eb,BrightonLiu-zZ,2025-10-16,21:38:45,-07:00,2025-10-16T21:38:45-07:00,1,23
global.js,43,js,2c4fb1eb,BrightonLiu-zZ,2025-10-16,21:12:10,-07:00,2025-10-16T21:12:10-07:00,1,17
global.js,44,js,2c4fb1eb,BrightonLiu-zZ,2025-10-16,21:12:10,-07:00,2025-10-16T21:12:10-07:00,2,8
global.js,45,js,2c4fb1eb,BrightonLiu-zZ,2025-10-16,21:12:10,-07:00,2025-10-16T21:12:10-07:00,2,58
global.js,46,js,2c4fb1eb,BrightonLiu-zZ,2025-10-16,21:12:10,-07:00,2025-10-16T21:12:10-07:00,1,0
global.js,47,js,af25a385,BrightonLiu-zZ,2025-10-16,20:54:24,-07:00,2025-10-16T20:54:24-07:00,0,0
global.js,48,js,487fa6eb,BrightonLiu-zZ,2025-10-16,21:38:45,-07:00,2025-10-16T21:38:45-07:00,1,33
global.js,49,js,2bfa4f15,BrightonLiu-zZ,2025-10-16,20:59:57,-07:00,2025-10-16T20:59:57-07:00,1,29
global.js,50,js,2bfa4f15,BrightonLiu-zZ,2025-10-16,20:59:57,-07:00,2025-10-16T20:59:57-07:00,2,18
global.js,51,js,af25a385,BrightonLiu-zZ,2025-10-16,20:54:24,-07:00,2025-10-16T20:54:24-07:00,1,0
global.js,52,js,af25a385,BrightonLiu-zZ,2025-10-16,20:54:24,-07:00,2025-10-16T20:54:24-07:00,0,0
global.js,53,js,2bfa4f15,BrightonLiu-zZ,2025-10-16,20:59:57,-07:00,2025-10-16T20:59:57-07:00,1,12
global.js,54,js,2bfa4f15,BrightonLiu-zZ,2025-10-16,20:59:57,-07:00,2025-10-16T20:59:57-07:00,0,0
global.js,55,js,487fa6eb,BrightonLiu-zZ,2025-10-16,21:38:45,-07:00,2025-10-16T21:38:45-07:00,0,0
global.js,56,js,487fa6eb,BrightonLiu-zZ,2025-10-16,21:38:45,-07:00,2025-10-16T21:38:45-07:00,0,28
global.js,57,js,487fa6eb,BrightonLiu-zZ,2025-10-16,21:38:45,-07:00,2025-10-16T21:38:45-07:00,1,25
global.js,58,js,094b5a76,BrightonLiu-zZ,2025-10-16,21:47:26,-07:00,2025-10-16T21:47:26-07:00,1,28
global.js,59,js,487fa6eb,BrightonLiu-zZ,2025-10-16,21:38:45,-07:00,2025-10-16T21:38:45-07:00,0,31
global.js,60,js,487fa6eb,BrightonLiu-zZ,2025-10-16,21:38:45,-07:00,2025-10-16T21:38:45-07:00,1,11
global.js,61,js,487fa6eb,BrightonLiu-zZ,2025-10-16,21:38:45,-07:00,2025-10-16T21:38:45-07:00,1,0
global.js,62,js,487fa6eb,BrightonLiu-zZ,2025-10-16,21:38:45,-07:00,2025-10-16T21:38:45-07:00,1,26
global.js,63,js,487fa6eb,BrightonLiu-zZ,2025-10-16,21:38:45,-07:00,2025-10-16T21:38:45-07:00,2,4
global.js,64,js,487fa6eb,BrightonLiu-zZ,2025-10-16,21:38:45,-07:00,2025-10-16T21:38:45-07:00,2,6
global.js,65,js,487fa6eb,BrightonLiu-zZ,2025-10-16,21:38:45,-07:00,2025-10-16T21:38:45-07:00,3,43
global.js,66,js,487fa6eb,BrightonLiu-zZ,2025-10-16,21:38:45,-07:00,2025-10-16T21:38:45-07:00,3,34
global.js,67,js,487fa6eb,BrightonLiu-zZ,2025-10-16,21:38:45,-07:00,2025-10-16T21:38:45-07:00,3,32
global.js,68,js,487fa6eb,BrightonLiu-zZ,2025-10-16,21:38:45,-07:00,2025-10-16T21:38:45-07:00,2,7
global.js,69,js,487fa6eb,BrightonLiu-zZ,2025-10-16,21:38:45,-07:00,2025-10-16T21:38:45-07:00,1,6
global.js,70,js,487fa6eb,BrightonLiu-zZ,2025-10-16,21:38:45,-07:00,2025-10-16T21:38:45-07:00,1,0
global.js,71,js,487fa6eb,BrightonLiu-zZ,2025-10-16,21:38:45,-07:00,2025-10-16T21:38:45-07:00,0,0
global.js,72,js,487fa6eb,BrightonLiu-zZ,2025-10-16,21:38:45,-07:00,2025-10-16T21:38:45-07:00,0,0
global.js,73,js,f2dc175b,BrightonLiu-zZ,2025-10-16,21:44:36,-07:00,2025-10-16T21:44:36-07:00,0,28
global.js,74,js,094b5a76,BrightonLiu-zZ,2025-10-16,21:47:26,-07:00,2025-10-16T21:47:26-07:00,1,38
global.js,75,js,f2dc175b,BrightonLiu-zZ,2025-10-16,21:44:36,-07:00,2025-10-16T21:44:36-07:00,1,25
global.js,76,js,094b5a76,BrightonLiu-zZ,2025-10-16,21:47:26,-07:00,2025-10-16T21:47:26-07:00,1,59
global.js,77,js,094b5a76,BrightonLiu-zZ,2025-10-16,21:47:26,-07:00,2025-10-16T21:47:26-07:00,2,27
global.js,78,js,094b5a76,BrightonLiu-zZ,2025-10-16,21:47:26,-07:00,2025-10-16T21:47:26-07:00,1,46
global.js,79,js,094b5a76,BrightonLiu-zZ,2025-10-16,21:47:26,-07:00,2025-10-16T21:47:26-07:00,1,41
global.js,80,js,f2dc175b,BrightonLiu-zZ,2025-10-16,21:44:36,-07:00,2025-10-16T21:44:36-07:00,0,0
global.js,81,js,f2dc175b,BrightonLiu-zZ,2025-10-16,21:44:36,-07:00,2025-10-16T21:44:36-07:00,0,60
global.js,82,js,f2dc175b,BrightonLiu-zZ,2025-10-16,21:44:36,-07:00,2025-10-16T21:44:36-07:00,0,0
global.js,83,js,094b5a76,BrightonLiu-zZ,2025-10-16,21:47:26,-07:00,2025-10-16T21:47:26-07:00,0,31
global.js,84,js,094b5a76,BrightonLiu-zZ,2025-10-16,21:47:26,-07:00,2025-10-16T21:47:26-07:00,1,16
global.js,85,js,094b5a76,BrightonLiu-zZ,2025-10-16,21:47:26,-07:00,2025-10-16T21:47:26-07:00,1,65
global.js,86,js,094b5a76,BrightonLiu-zZ,2025-10-16,21:47:26,-07:00,2025-10-16T21:47:26-07:00,1,20
global.js,87,js,094b5a76,BrightonLiu-zZ,2025-10-16,21:47:26,-07:00,2025-10-16T21:47:26-07:00,1,20
global.js,88,js,094b5a76,BrightonLiu-zZ,2025-10-16,21:47:26,-07:00,2025-10-16T21:47:26-07:00,1,26
global.js,89,js,094b5a76,BrightonLiu-zZ,2025-10-16,21:47:26,-07:00,2025-10-16T21:47:26-07:00,1,32
global.js,90,js,094b5a76,BrightonLiu-zZ,2025-10-16,21:47:26,-07:00,2025-10-16T21:47:26-07:00,0,0
global.js,91,js,094b5a76,BrightonLiu-zZ,2025-10-16,21:47:26,-07:00,2025-10-16T21:47:26-07:00,0,0
global.js,92,js,094b5a76,BrightonLiu-zZ,2025-10-16,21:47:26,-07:00,2025-10-16T21:47:26-07:00,0,61
global.js,93,js,094b5a76,BrightonLiu-zZ,2025-10-16,21:47:26,-07:00,2025-10-16T21:47:26-07:00,0,34
global.js,94,js,094b5a76,BrightonLiu-zZ,2025-10-16,21:47:26,-07:00,2025-10-16T21:47:26-07:00,1,39
global.js,95,js,094b5a76,BrightonLiu-zZ,2025-10-16,21:47:26,-07:00,2025-10-16T21:47:26-07:00,0,6
global.js,96,js,094b5a76,BrightonLiu-zZ,2025-10-16,21:47:26,-07:00,2025-10-16T21:47:26-07:00,1,50
global.js,97,js,094b5a76,BrightonLiu-zZ,2025-10-16,21:47:26,-07:00,2025-10-16T21:47:26-07:00,1,26
global.js,98,js,094b5a76,BrightonLiu-zZ,2025-10-16,21:47:26,-07:00,2025-10-16T21:47:26-07:00,0,0
global.js,99,js,094b5a76,BrightonLiu-zZ,2025-10-16,21:47:26,-07:00,2025-10-16T21:47:26-07:00,0,0
global.js,100,js,094b5a76,BrightonLiu-zZ,2025-10-16,21:47:26,-07:00,2025-10-16T21:47:26-07:00,0,27
global.js,101,js,094b5a76,BrightonLiu-zZ,2025-10-16,21:47:26,-07:00,2025-10-16T21:47:26-07:00,0,43
global.js,102,js,f2dc175b,BrightonLiu-zZ,2025-10-16,21:44:36,-07:00,2025-10-16T21:44:36-07:00,1,67
global.js,103,js,f2dc175b,BrightonLiu-zZ,2025-10-16,21:44:36,-07:00,2025-10-16T21:44:36-07:00,1,44
global.js,104,js,094b5a76,BrightonLiu-zZ,2025-10-16,21:47:26,-07:00,2025-10-16T21:47:26-07:00,1,20
global.js,105,js,0612edcb,BrightonLiu-zZ,2025-10-16,21:44:55,-07:00,2025-10-16T21:44:55-07:00,0,1
global.js,106,js,65866f21,BrightonLiu-zZ,2025-10-24,22:21:58,-07:00,2025-10-24T22:21:58-07:00,0,0
global.js,107,js,65866f21,BrightonLiu-zZ,2025-10-24,22:21:58,-07:00,2025-10-24T22:21:58-07:00,0,38
global.js,108,js,65866f21,BrightonLiu-zZ,2025-10-24,22:21:58,-07:00,2025-10-24T22:21:58-07:00,0,36
global.js,109,js,65866f21,BrightonLiu-zZ,2025-10-24,22:21:58,-07:00,2025-10-24T22:21:58-07:00,1,3
global.js,110,js,65866f21,BrightonLiu-zZ,2025-10-24,22:21:58,-07:00,2025-10-24T22:21:58-07:00,2,42
global.js,111,js,65866f21,BrightonLiu-zZ,2025-10-24,22:21:58,-07:00,2025-10-24T22:21:58-07:00,2,32
global.js,112,js,65866f21,BrightonLiu-zZ,2025-10-24,22:21:58,-07:00,2025-10-24T22:21:58-07:00,0,0
global.js,113,js,65866f21,BrightonLiu-zZ,2025-10-24,22:21:58,-07:00,2025-10-24T22:21:58-07:00,2,68
global.js,114,js,65866f21,BrightonLiu-zZ,2025-10-24,22:21:58,-07:00,2025-10-24T22:21:58-07:00,2,20
global.js,115,js,65866f21,BrightonLiu-zZ,2025-10-24,22:21:58,-07:00,2025-10-24T22:21:58-07:00,0,0
global.js,116,js,65866f21,BrightonLiu-zZ,2025-10-24,22:21:58,-07:00,2025-10-24T22:21:58-07:00,2,63
global.js,117,js,65866f21,BrightonLiu-zZ,2025-10-24,22:21:58,-07:00,2025-10-24T22:21:58-07:00,2,17
global.js,118,js,65866f21,BrightonLiu-zZ,2025-10-24,22:21:58,-07:00,2025-10-24T22:21:58-07:00,3,66
global.js,119,js,65866f21,BrightonLiu-zZ,2025-10-24,22:21:58,-07:00,2025-10-24T22:21:58-07:00,2,0
global.js,120,js,65866f21,BrightonLiu-zZ,2025-10-24,22:21:58,-07:00,2025-10-24T22:21:58-07:00,0,0
global.js,121,js,65866f21,BrightonLiu-zZ,2025-10-24,22:21:58,-07:00,2025-10-24T22:21:58-07:00,2,34
global.js,122,js,65866f21,BrightonLiu-zZ,2025-10-24,22:21:58,-07:00,2025-10-24T22:21:58-07:00,2,33
global.js,123,js,65866f21,BrightonLiu-zZ,2025-10-24,22:21:58,-07:00,2025-10-24T22:21:58-07:00,2,10
global.js,124,js,65866f21,BrightonLiu-zZ,2025-10-24,22:21:58,-07:00,2025-10-24T22:21:58-07:00,1,15
global.js,125,js,65866f21,BrightonLiu-zZ,2025-10-24,22:21:58,-07:00,2025-10-24T22:21:58-07:00,2,59
global.js,126,js,65866f21,BrightonLiu-zZ,2025-10-24,22:21:58,-07:00,2025-10-24T22:21:58-07:00,2,58
global.js,127,js,65866f21,BrightonLiu-zZ,2025-10-24,22:21:58,-07:00,2025-10-24T22:21:58-07:00,2,10
global.js,128,js,65866f21,BrightonLiu-zZ,2025-10-24,22:21:58,-07:00,2025-10-24T22:21:58-07:00,1,0
global.js,129,js,65866f21,BrightonLiu-zZ,2025-10-24,22:21:58,-07:00,2025-10-24T22:21:58-07:00,0,0
global.js,130,js,65866f21,BrightonLiu-zZ,2025-10-24,22:21:58,-07:00,2025-10-24T22:21:58-07:00,0,0
global.js,131,js,65866f21,BrightonLiu-zZ,2025-10-24,22:21:58,-07:00,2025-10-24T22:21:58-07:00,0,55
global.js,132,js,65866f21,BrightonLiu-zZ,2025-10-24,22:21:58,-07:00,2025-10-24T22:21:58-07:00,0,79
global.js,133,js,65866f21,BrightonLiu-zZ,2025-10-24,22:21:58,-07:00,2025-10-24T22:21:58-07:00,1,46
global.js,134,js,65866f21,BrightonLiu-zZ,2025-10-24,22:21:58,-07:00,2025-10-24T22:21:58-07:00,1,30
global.js,135,js,65866f21,BrightonLiu-zZ,2025-10-24,22:21:58,-07:00,2025-10-24T22:21:58-07:00,0,0
global.js,136,js,65866f21,BrightonLiu-zZ,2025-10-24,22:21:58,-07:00,2025-10-24T22:21:58-07:00,1,36
global.js,137,js,65866f21,BrightonLiu-zZ,2025-10-24,22:21:58,-07:00,2025-10-24T22:21:58-07:00,1,31
global.js,138,js,65866f21,BrightonLiu-zZ,2025-10-24,22:21:58,-07:00,2025-10-24T22:21:58-07:00,2,48
global.js,139,js,65866f21,BrightonLiu-zZ,2025-10-24,22:21:58,-07:00,2025-10-24T22:21:58-07:00,0,0
global.js,140,js,65866f21,BrightonLiu-zZ,2025-10-24,22:21:58,-07:00,2025-10-24T22:21:58-07:00,2,77
global.js,141,js,17583924,BrightonLiu-zZ,2025-10-31,23:53:50,-07:00,2025-10-31T23:53:50-07:00,0,0
global.js,142,js,65866f21,BrightonLiu-zZ,2025-10-24,22:21:58,-07:00,2025-10-24T22:21:58-07:00,2,19
global.js,143,js,65866f21,BrightonLiu-zZ,2025-10-24,22:21:58,-07:00,2025-10-24T22:21:58-07:00,3,55
global.js,144,js,65866f21,BrightonLiu-zZ,2025-10-24,22:21:58,-07:00,2025-10-24T22:21:58-07:00,3,81
global.js,145,js,17583924,BrightonLiu-zZ,2025-10-31,23:53:50,-07:00,2025-10-31T23:53:50-07:00,0,0
global.js,146,js,17583924,BrightonLiu-zZ,2025-10-31,23:53:50,-07:00,2025-10-31T23:53:50-07:00,3,70
global.js,147,js,17583924,BrightonLiu-zZ,2025-10-31,23:53:50,-07:00,2025-10-31T23:53:50-07:00,3,27
global.js,148,js,17583924,BrightonLiu-zZ,2025-10-31,23:53:50,-07:00,2025-10-31T23:53:50-07:00,4,33
global.js,149,js,17583924,BrightonLiu-zZ,2025-10-31,23:53:50,-07:00,2025-10-31T23:53:50-07:00,4,78
global.js,150,js,17583924,BrightonLiu-zZ,2025-10-31,23:53:50,-07:00,2025-10-31T23:53:50-07:00,3,4
global.js,151,js,65866f21,BrightonLiu-zZ,2025-10-24,22:21:58,-07:00,2025-10-24T22:21:58-07:00,2,0
global.js,152,js,65866f21,BrightonLiu-zZ,2025-10-24,22:21:58,-07:00,2025-10-24T22:21:58-07:00,0,0
global.js,153,js,65866f21,BrightonLiu-zZ,2025-10-24,22:21:58,-07:00,2025-10-24T22:21:58-07:00,2,39
global.js,154,js,65866f21,BrightonLiu-zZ,2025-10-24,22:21:58,-07:00,2025-10-24T22:21:58-07:00,2,36
global.js,155,js,65866f21,BrightonLiu-zZ,2025-10-24,22:21:58,-07:00,2025-10-24T22:21:58-07:00,1,0
global.js,156,js,65866f21,BrightonLiu-zZ,2025-10-24,22:21:58,-07:00,2025-10-24T22:21:58-07:00,0,0
global.js,157,js,65866f21,BrightonLiu-zZ,2025-10-24,22:21:58,-07:00,2025-10-24T22:21:58-07:00,0,0
global.js,158,js,65866f21,BrightonLiu-zZ,2025-10-24,22:21:58,-07:00,2025-10-24T22:21:58-07:00,0,37
global.js,159,js,65866f21,BrightonLiu-zZ,2025-10-24,22:21:58,-07:00,2025-10-24T22:21:58-07:00,0,47
global.js,160,js,65866f21,BrightonLiu-zZ,2025-10-24,22:21:58,-07:00,2025-10-24T22:21:58-07:00,1,62
global.js,161,js,65866f21,BrightonLiu-zZ,2025-10-24,22:21:58,-07:00,2025-10-24T22:21:58-07:00,0,0
projects\projects.js,1,js,17583924,BrightonLiu-zZ,2025-10-31,23:53:50,-07:00,2025-10-31T23:53:50-07:00,0,63
projects\projects.js,2,js,17583924,BrightonLiu-zZ,2025-10-31,23:53:50,-07:00,2025-10-31T23:53:50-07:00,0,0
projects\projects.js,3,js,17583924,BrightonLiu-zZ,2025-10-31,23:53:50,-07:00,2025-10-31T23:53:50-07:00,0,57
projects\projects.js,4,js,17583924,BrightonLiu-zZ,2025-10-31,23:53:50,-07:00,2025-10-31T23:53:50-07:00,0,13
projects\projects.js,5,js,17583924,BrightonLiu-zZ,2025-10-31,23:53:50,-07:00,2025-10-31T23:53:50-07:00,0,0
projects\projects.js,6,js,17583924,BrightonLiu-zZ,2025-10-31,23:53:50,-07:00,2025-10-31T23:53:50-07:00,0,56
projects\projects.js,7,js,17583924,BrightonLiu-zZ,2025-10-31,23:53:50,-07:00,2025-10-31T23:53:50-07:00,0,21
projects\projects.js,8,js,65866f21,BrightonLiu-zZ,2025-10-24,22:21:58,-07:00,2025-10-24T22:21:58-07:00,0,0
projects\projects.js,9,js,65866f21,BrightonLiu-zZ,2025-10-24,22:21:58,-07:00,2025-10-24T22:21:58-07:00,0,95
projects\projects.js,10,js,65866f21,BrightonLiu-zZ,2025-10-24,22:21:58,-07:00,2025-10-24T22:21:58-07:00,0,55
projects\projects.js,11,js,65866f21,BrightonLiu-zZ,2025-10-24,22:21:58,-07:00,2025-10-24T22:21:58-07:00,0,0
projects\projects.js,12,js,65866f21,BrightonLiu-zZ,2025-10-24,22:21:58,-07:00,2025-10-24T22:21:58-07:00,0,12
projects\projects.js,13,js,65866f21,BrightonLiu-zZ,2025-10-24,22:21:58,-07:00,2025-10-24T22:21:58-07:00,1,47
projects\projects.js,14,js,65866f21,BrightonLiu-zZ,2025-10-24,22:21:58,-07:00,2025-10-24T22:21:58-07:00,1,55
projects\projects.js,15,js,65866f21,BrightonLiu-zZ,2025-10-24,22:21:58,-07:00,2025-10-24T22:21:58-07:00,0,0
projects\projects.js,16,js,65866f21,BrightonLiu-zZ,2025-10-24,22:21:58,-07:00,2025-10-24T22:21:58-07:00,1,58
projects\projects.js,17,js,65866f21,BrightonLiu-zZ,2025-10-24,22:21:58,-07:00,2025-10-24T22:21:58-07:00,1,60
projects\projects.js,18,js,65866f21,BrightonLiu-zZ,2025-10-24,22:21:58,-07:00,2025-10-24T22:21:58-07:00,0,0
projects\projects.js,19,js,65866f21,BrightonLiu-zZ,2025-10-24,22:21:58,-07:00,2025-10-24T22:21:58-07:00,1,50
projects\projects.js,20,js,65866f21,BrightonLiu-zZ,2025-10-24,22:21:58,-07:00,2025-10-24T22:21:58-07:00,1,48
projects\projects.js,21,js,17583924,BrightonLiu-zZ,2025-10-31,23:53:50,-07:00,2025-10-31T23:53:50-07:00,1,23
projects\projects.js,22,js,17583924,BrightonLiu-zZ,2025-10-31,23:53:50,-07:00,2025-10-31T23:53:50-07:00,0,0
projects\projects.js,23,js,17583924,BrightonLiu-zZ,2025-10-31,23:53:50,-07:00,2025-10-31T23:53:50-07:00,1,54
projects\projects.js,24,js,17583924,BrightonLiu-zZ,2025-10-31,23:53:50,-07:00,2025-10-31T23:53:50-07:00,1,55
projects\projects.js,25,js,17583924,BrightonLiu-zZ,2025-10-31,23:53:50,-07:00,2025-10-31T23:53:50-07:00,1,16
projects\projects.js,26,js,17583924,BrightonLiu-zZ,2025-10-31,23:53:50,-07:00,2025-10-31T23:53:50-07:00,2,49
projects\projects.js,27,js,17583924,BrightonLiu-zZ,2025-10-31,23:53:50,-07:00,2025-10-31T23:53:50-07:00,3,27
projects\projects.js,28,js,17583924,BrightonLiu-zZ,2025-10-31,23:53:50,-07:00,2025-10-31T23:53:50-07:00,3,31
projects\projects.js,29,js,65866f21,BrightonLiu-zZ,2025-10-24,22:21:58,-07:00,2025-10-24T22:21:58-07:00,0,0
projects\projects.js,30,js,17583924,BrightonLiu-zZ,2025-10-31,23:53:50,-07:00,2025-10-31T23:53:50-07:00,3,54
projects\projects.js,31,js,17583924,BrightonLiu-zZ,2025-10-31,23:53:50,-07:00,2025-10-31T23:53:50-07:00,3,53
projects\projects.js,32,js,17583924,BrightonLiu-zZ,2025-10-31,23:53:50,-07:00,2025-10-31T23:53:50-07:00,4,61
projects\projects.js,33,js,17583924,BrightonLiu-zZ,2025-10-31,23:53:50,-07:00,2025-10-31T23:53:50-07:00,4,50
projects\projects.js,34,js,17583924,BrightonLiu-zZ,2025-10-31,23:53:50,-07:00,2025-10-31T23:53:50-07:00,3,1
projects\projects.js,35,js,17583924,BrightonLiu-zZ,2025-10-31,23:53:50,-07:00,2025-10-31T23:53:50-07:00,0,0
projects\projects.js,36,js,17583924,BrightonLiu-zZ,2025-10-31,23:53:50,-07:00,2025-10-31T23:53:50-07:00,3,23
projects\projects.js,37,js,17583924,BrightonLiu-zZ,2025-10-31,23:53:50,-07:00,2025-10-31T23:53:50-07:00,3,56
projects\projects.js,38,js,17583924,BrightonLiu-zZ,2025-10-31,23:53:50,-07:00,2025-10-31T23:53:50-07:00,3,31
projects\projects.js,39,js,17583924,BrightonLiu-zZ,2025-10-31,23:53:50,-07:00,2025-10-31T23:53:50-07:00,2,1
projects\projects.js,40,js,17583924,BrightonLiu-zZ,2025-10-31,23:53:50,-07:00,2025-10-31T23:53:50-07:00,1,0
projects\projects.js,41,js,65866f21,BrightonLiu-zZ,2025-10-24,22:21:58,-07:00,2025-10-24T22:21:58-07:00,2,58
projects\projects.js,42,js,65866f21,BrightonLiu-zZ,2025-10-24,22:21:58,-07:00,2025-10-24T22:21:58-07:00,1,56
projects\projects.js,43,js,65866f21,BrightonLiu-zZ,2025-10-24,22:21:58,-07:00,2025-10-24T22:21:58-07:00,1,12
projects\projects.js,44,js,65866f21,BrightonLiu-zZ,2025-10-24,22:21:58,-07:00,2025-10-24T22:21:58-07:00,2,31
projects\projects.js,45,js,65866f21,BrightonLiu-zZ,2025-10-24,22:21:58,-07:00,2025-10-24T22:21:58-07:00,1,0
projects\projects.js,46,js,17583924,BrightonLiu-zZ,2025-10-31,23:53:50,-07:00,2025-10-31T23:53:50-07:00,0,0
projects\projects.js,47,js,17583924,BrightonLiu-zZ,2025-10-31,23:53:50,-07:00,2025-10-31T23:53:50-07:00,1,74
projects\projects.js,48,js,17583924,BrightonLiu-zZ,2025-10-31,23:53:50,-07:00,2025-10-31T23:53:50-07:00,1,38
projects\projects.js,49,js,17583924,BrightonLiu-zZ,2025-10-31,23:53:50,-07:00,2025-10-31T23:53:50-07:00,2,42
projects\projects.js,50,js,17583924,BrightonLiu-zZ,2025-10-31,23:53:50,-07:00,2025-10-31T23:53:50-07:00,2,22
projects\projects.js,51,js,17583924,BrightonLiu-zZ,2025-10-31,23:53:50,-07:00,2025-10-31T23:53:50-07:00,0,0
projects\projects.js,52,js,17583924,BrightonLiu-zZ,2025-10-31,23:53:50,-07:00,2025-10-31T23:53:50-07:00,2,27
projects\projects.js,53,js,17583924,BrightonLiu-zZ,2025-10-31,23:53:50,-07:00,2025-10-31T23:53:50-07:00,2,24
projects\projects.js,54,js,17583924,BrightonLiu-zZ,2025-10-31,23:53:50,-07:00,2025-10-31T23:53:50-07:00,3,12
projects\projects.js,55,js,17583924,BrightonLiu-zZ,2025-10-31,23:53:50,-07:00,2025-10-31T23:53:50-07:00,3,12
projects\projects.js,56,js,17583924,BrightonLiu-zZ,2025-10-31,23:53:50,-07:00,2025-10-31T23:53:50-07:00,3,9
projects\projects.js,57,js,17583924,BrightonLiu-zZ,2025-10-31,23:53:50,-07:00,2025-10-31T23:53:50-07:00,2,0
projects\projects.js,58,js,17583924,BrightonLiu-zZ,2025-10-31,23:53:50,-07:00,2025-10-31T23:53:50-07:00,0,0
projects\projects.js,59,js,17583924,BrightonLiu-zZ,2025-10-31,23:53:50,-07:00,2025-10-31T23:53:50-07:00,2,26
projects\projects.js,60,js,17583924,BrightonLiu-zZ,2025-10-31,23:53:50,-07:00,2025-10-31T23:53:50-07:00,2,43
projects\projects.js,61,js,17583924,BrightonLiu-zZ,2025-10-31,23:53:50,-07:00,2025-10-31T23:53:50-07:00,3,11
projects\projects.js,62,js,17583924,BrightonLiu-zZ,2025-10-31,23:53:50,-07:00,2025-10-31T23:53:50-07:00,3,18
projects\projects.js,63,js,17583924,BrightonLiu-zZ,2025-10-31,23:53:50,-07:00,2025-10-31T23:53:50-07:00,2,2
projects\projects.js,64,js,17583924,BrightonLiu-zZ,2025-10-31,23:53:50,-07:00,2025-10-31T23:53:50-07:00,0,0
projects\projects.js,65,js,17583924,BrightonLiu-zZ,2025-10-31,23:53:50,-07:00,2025-10-31T23:53:50-07:00,2,15
projects\projects.js,66,js,17583924,BrightonLiu-zZ,2025-10-31,23:53:50,-07:00,2025-10-31T23:53:50-07:00,2,53
projects\projects.js,67,js,17583924,BrightonLiu-zZ,2025-10-31,23:53:50,-07:00,2025-10-31T23:53:50-07:00,2,39
projects\projects.js,68,js,17583924,BrightonLiu-zZ,2025-10-31,23:53:50,-07:00,2025-10-31T23:53:50-07:00,2,21
projects\projects.js,69,js,17583924,BrightonLiu-zZ,2025-10-31,23:53:50,-07:00,2025-10-31T23:53:50-07:00,2,48
projects\projects.js,70,js,17583924,BrightonLiu-zZ,2025-10-31,23:53:50,-07:00,2025-10-31T23:53:50-07:00,0,0
projects\projects.js,71,js,17583924,BrightonLiu-zZ,2025-10-31,23:53:50,-07:00,2025-10-31T23:53:50-07:00,1,45
projects\projects.js,72,js,17583924,BrightonLiu-zZ,2025-10-31,23:53:50,-07:00,2025-10-31T23:53:50-07:00,2,32
projects\projects.js,73,js,17583924,BrightonLiu-zZ,2025-10-31,23:53:50,-07:00,2025-10-31T23:53:50-07:00,3,13
projects\projects.js,74,js,17583924,BrightonLiu-zZ,2025-10-31,23:53:50,-07:00,2025-10-31T23:53:50-07:00,3,66
projects\projects.js,75,js,17583924,BrightonLiu-zZ,2025-10-31,23:53:50,-07:00,2025-10-31T23:53:50-07:00,0,0
projects\projects.js,76,js,17583924,BrightonLiu-zZ,2025-10-31,23:53:50,-07:00,2025-10-31T23:53:50-07:00,2,46
projects\projects.js,77,js,17583924,BrightonLiu-zZ,2025-10-31,23:53:50,-07:00,2025-10-31T23:53:50-07:00,2,67
projects\projects.js,78,js,17583924,BrightonLiu-zZ,2025-10-31,23:53:50,-07:00,2025-10-31T23:53:50-07:00,2,22
projects\projects.js,79,js,17583924,BrightonLiu-zZ,2025-10-31,23:53:50,-07:00,2025-10-31T23:53:50-07:00,1,0
projects\projects.js,80,js,17583924,BrightonLiu-zZ,2025-10-31,23:53:50,-07:00,2025-10-31T23:53:50-07:00,0,0
projects\projects.js,81,js,17583924,BrightonLiu-zZ,2025-10-31,23:53:50,-07:00,2025-10-31T23:53:50-07:00,0,0
projects\projects.js,82,js,17583924,BrightonLiu-zZ,2025-10-31,23:53:50,-07:00,2025-10-31T23:53:50-07:00,2,49
projects\projects.js,83,js,17583924,BrightonLiu-zZ,2025-10-31,23:53:50,-07:00,2025-10-31T23:53:50-07:00,2,29
projects\projects.js,84,js,17583924,BrightonLiu-zZ,2025-10-31,23:53:50,-07:00,2025-10-31T23:53:50-07:00,0,0
projects\projects.js,85,js,17583924,BrightonLiu-zZ,2025-10-31,23:53:50,-07:00,2025-10-31T23:53:50-07:00,2,60
projects\projects.js,86,js,17583924,BrightonLiu-zZ,2025-10-31,23:53:50,-07:00,2025-10-31T23:53:50-07:00,2,22
projects\projects.js,87,js,17583924,BrightonLiu-zZ,2025-10-31,23:53:50,-07:00,2025-10-31T23:53:50-07:00,3,16
projects\projects.js,88,js,17583924,BrightonLiu-zZ,2025-10-31,23:53:50,-07:00,2025-10-31T23:53:50-07:00,4,19
projects\projects.js,89,js,17583924,BrightonLiu-zZ,2025-10-31,23:53:50,-07:00,2025-10-31T23:53:50-07:00,4,35
projects\projects.js,90,js,17583924,BrightonLiu-zZ,2025-10-31,23:53:50,-07:00,2025-10-31T23:53:50-07:00,4,27
projects\projects.js,91,js,17583924,BrightonLiu-zZ,2025-10-31,23:53:50,-07:00,2025-10-31T23:53:50-07:00,4,18
projects\projects.js,92,js,17583924,BrightonLiu-zZ,2025-10-31,23:53:50,-07:00,2025-10-31T23:53:50-07:00,5,57
projects\projects.js,93,js,17583924,BrightonLiu-zZ,2025-10-31,23:53:50,-07:00,2025-10-31T23:53:50-07:00,5,45
projects\projects.js,94,js,17583924,BrightonLiu-zZ,2025-10-31,23:53:50,-07:00,2025-10-31T23:53:50-07:00,0,0
projects\projects.js,95,js,17583924,BrightonLiu-zZ,2025-10-31,23:53:50,-07:00,2025-10-31T23:53:50-07:00,5,78
projects\projects.js,96,js,17583924,BrightonLiu-zZ,2025-10-31,23:53:50,-07:00,2025-10-31T23:53:50-07:00,5,57
projects\projects.js,97,js,17583924,BrightonLiu-zZ,2025-10-31,23:53:50,-07:00,2025-10-31T23:53:50-07:00,5,29
projects\projects.js,98,js,17583924,BrightonLiu-zZ,2025-10-31,23:53:50,-07:00,2025-10-31T23:53:50-07:00,4,1
projects\projects.js,99,js,17583924,BrightonLiu-zZ,2025-10-31,23:53:50,-07:00,2025-10-31T23:53:50-07:00,2,1
projects\projects.js,100,js,17583924,BrightonLiu-zZ,2025-10-31,23:53:50,-07:00,2025-10-31T23:53:50-07:00,0,0
projects\projects.js,101,js,17583924,BrightonLiu-zZ,2025-10-31,23:53:50,-07:00,2025-10-31T23:53:50-07:00,1,0
projects\projects.js,102,js,17583924,BrightonLiu-zZ,2025-10-31,23:53:50,-07:00,2025-10-31T23:53:50-07:00,2,59
projects\projects.js,103,js,17583924,BrightonLiu-zZ,2025-10-31,23:53:50,-07:00,2025-10-31T23:53:50-07:00,2,34
projects\projects.js,104,js,17583924,BrightonLiu-zZ,2025-10-31,23:53:50,-07:00,2025-10-31T23:53:50-07:00,2,29
projects\projects.js,105,js,17583924,BrightonLiu-zZ,2025-10-31,23:53:50,-07:00,2025-10-31T23:53:50-07:00,0,0
projects\projects.js,106,js,17583924,BrightonLiu-zZ,2025-10-31,23:53:50,-07:00,2025-10-31T23:53:50-07:00,2,22
projects\projects.js,107,js,17583924,BrightonLiu-zZ,2025-10-31,23:53:50,-07:00,2025-10-31T23:53:50-07:00,3,17
projects\projects.js,108,js,17583924,BrightonLiu-zZ,2025-10-31,23:53:50,-07:00,2025-10-31T23:53:50-07:00,4,28
projects\projects.js,109,js,17583924,BrightonLiu-zZ,2025-10-31,23:53:50,-07:00,2025-10-31T23:53:50-07:00,4,35
projects\projects.js,110,js,17583924,BrightonLiu-zZ,2025-10-31,23:53:50,-07:00,2025-10-31T23:53:50-07:00,4,68
projects\projects.js,111,js,17583924,BrightonLiu-zZ,2025-10-31,23:53:50,-07:00,2025-10-31T23:53:50-07:00,4,18
projects\projects.js,112,js,17583924,BrightonLiu-zZ,2025-10-31,23:53:50,-07:00,2025-10-31T23:53:50-07:00,5,69
projects\projects.js,113,js,17583924,BrightonLiu-zZ,2025-10-31,23:53:50,-07:00,2025-10-31T23:53:50-07:00,5,45
projects\projects.js,114,js,17583924,BrightonLiu-zZ,2025-10-31,23:53:50,-07:00,2025-10-31T23:53:50-07:00,5,52
projects\projects.js,115,js,17583924,BrightonLiu-zZ,2025-10-31,23:53:50,-07:00,2025-10-31T23:53:50-07:00,5,29
projects\projects.js,116,js,17583924,BrightonLiu-zZ,2025-10-31,23:53:50,-07:00,2025-10-31T23:53:50-07:00,4,1
projects\projects.js,117,js,17583924,BrightonLiu-zZ,2025-10-31,23:53:50,-07:00,2025-10-31T23:53:50-07:00,2,1
projects\projects.js,118,js,17583924,BrightonLiu-zZ,2025-10-31,23:53:50,-07:00,2025-10-31T23:53:50-07:00,0,0
projects\projects.js,119,js,17583924,BrightonLiu-zZ,2025-10-31,23:53:50,-07:00,2025-10-31T23:53:50-07:00,0,0
projects\projects.js,120,js,17583924,BrightonLiu-zZ,2025-10-31,23:53:50,-07:00,2025-10-31T23:53:50-07:00,2,63
projects\projects.js,121,js,17583924,BrightonLiu-zZ,2025-10-31,23:53:50,-07:00,2025-10-31T23:53:50-07:00,2,32
projects\projects.js,122,js,17583924,BrightonLiu-zZ,2025-10-31,23:53:50,-07:00,2025-10-31T23:53:50-07:00,3,19
projects\projects.js,123,js,17583924,BrightonLiu-zZ,2025-10-31,23:53:50,-07:00,2025-10-31T23:53:50-07:00,4,66
projects\projects.js,124,js,17583924,BrightonLiu-zZ,2025-10-31,23:53:50,-07:00,2025-10-31T23:53:50-07:00,0,0
projects\projects.js,125,js,17583924,BrightonLiu-zZ,2025-10-31,23:53:50,-07:00,2025-10-31T23:53:50-07:00,3,20
projects\projects.js,126,js,17583924,BrightonLiu-zZ,2025-10-31,23:53:50,-07:00,2025-10-31T23:53:50-07:00,4,80
projects\projects.js,127,js,17583924,BrightonLiu-zZ,2025-10-31,23:53:50,-07:00,2025-10-31T23:53:50-07:00,2,0
projects\projects.js,128,js,17583924,BrightonLiu-zZ,2025-10-31,23:53:50,-07:00,2025-10-31T23:53:50-07:00,0,0
projects\projects.js,129,js,17583924,BrightonLiu-zZ,2025-10-31,23:53:50,-07:00,2025-10-31T23:53:50-07:00,2,72
projects\projects.js,130,js,17583924,BrightonLiu-zZ,2025-10-31,23:53:50,-07:00,2025-10-31T23:53:50-07:00,2,22
projects\projects.js,131,js,17583924,BrightonLiu-zZ,2025-10-31,23:53:50,-07:00,2025-10-31T23:53:50-07:00,1,0
projects\projects.js,132,js,65866f21,BrightonLiu-zZ,2025-10-24,22:21:58,-07:00,2025-10-24T22:21:58-07:00,0,3
projects\projects.js,133,js,65866f21,BrightonLiu-zZ,2025-10-24,22:21:58,-07:00,2025-10-24T22:21:58-07:00,0,0
projects\index.html,1,html,8bf0a5d3,BrightonLiu-zZ,2025-10-09,21:38:02,-07:00,2025-10-09T21:38:02-07:00,0,13
projects\index.html,2,html,e42e3b12,BrightonLiu-zZ,2025-10-03,17:42:06,-07:00,2025-10-03T17:42:06-07:00,0,14
projects\index.html,3,html,e42e3b12,BrightonLiu-zZ,2025-10-03,17:42:06,-07:00,2025-10-03T17:42:06-07:00,0,4
projects\index.html,4,html,8bf0a5d3,BrightonLiu-zZ,2025-10-09,21:38:02,-07:00,2025-10-09T21:38:02-07:00,1,22
projects\index.html,5,html,8bf0a5d3,BrightonLiu-zZ,2025-10-09,21:38:02,-07:00,2025-10-09T21:38:02-07:00,1,68
projects\index.html,6,html,8bf0a5d3,BrightonLiu-zZ,2025-10-09,21:38:02,-07:00,2025-10-09T21:38:02-07:00,1,36
projects\index.html,7,html,8bf0a5d3,BrightonLiu-zZ,2025-10-09,21:38:02,-07:00,2025-10-09T21:38:02-07:00,1,41
projects\index.html,8,html,3ddacdb4,BrightonLiu-zZ,2025-10-16,20:22:32,-07:00,2025-10-16T20:22:32-07:00,1,48
projects\index.html,9,html,e42e3b12,BrightonLiu-zZ,2025-10-03,17:42:06,-07:00,2025-10-03T17:42:06-07:00,0,5
projects\index.html,10,html,e42e3b12,BrightonLiu-zZ,2025-10-03,17:42:06,-07:00,2025-10-03T17:42:06-07:00,0,4
projects\index.html,11,html,8bf0a5d3,BrightonLiu-zZ,2025-10-09,21:38:02,-07:00,2025-10-09T21:38:02-07:00,1,6
projects\index.html,12,html,8bf0a5d3,BrightonLiu-zZ,2025-10-09,21:38:02,-07:00,2025-10-09T21:38:02-07:00,1,7
projects\index.html,13,html,17583924,BrightonLiu-zZ,2025-10-31,23:53:50,-07:00,2025-10-31T23:53:50-07:00,1,28
projects\index.html,14,html,65866f21,BrightonLiu-zZ,2025-10-24,22:21:58,-07:00,2025-10-24T22:21:58-07:00,2,38
projects\index.html,15,html,17583924,BrightonLiu-zZ,2025-10-31,23:53:50,-07:00,2025-10-31T23:53:50-07:00,2,22
projects\index.html,16,html,17583924,BrightonLiu-zZ,2025-10-31,23:53:50,-07:00,2025-10-31T23:53:50-07:00,3,100
projects\index.html,17,html,17583924,BrightonLiu-zZ,2025-10-31,23:53:50,-07:00,2025-10-31T23:53:50-07:00,3,22
projects\index.html,18,html,17583924,BrightonLiu-zZ,2025-10-31,23:53:50,-07:00,2025-10-31T23:53:50-07:00,2,4
projects\index.html,19,html,17583924,BrightonLiu-zZ,2025-10-31,23:53:50,-07:00,2025-10-31T23:53:50-07:00,0,0
projects\index.html,20,html,17583924,BrightonLiu-zZ,2025-10-31,23:53:50,-07:00,2025-10-31T23:53:50-07:00,2,27
projects\index.html,21,html,17583924,BrightonLiu-zZ,2025-10-31,23:53:50,-07:00,2025-10-31T23:53:50-07:00,2,4
projects\index.html,22,html,17583924,BrightonLiu-zZ,2025-10-31,23:53:50,-07:00,2025-10-31T23:53:50-07:00,3,15
projects\index.html,23,html,17583924,BrightonLiu-zZ,2025-10-31,23:53:50,-07:00,2025-10-31T23:53:50-07:00,3,11
projects\index.html,24,html,17583924,BrightonLiu-zZ,2025-10-31,23:53:50,-07:00,2025-10-31T23:53:50-07:00,3,26
projects\index.html,25,html,17583924,BrightonLiu-zZ,2025-10-31,23:53:50,-07:00,2025-10-31T23:53:50-07:00,3,31
projects\index.html,26,html,17583924,BrightonLiu-zZ,2025-10-31,23:53:50,-07:00,2025-10-31T23:53:50-07:00,2,0
projects\index.html,27,html,8f00abb0,BrightonLiu-zZ,2025-10-09,22:18:40,-07:00,2025-10-09T22:18:40-07:00,0,0
projects\index.html,28,html,65866f21,BrightonLiu-zZ,2025-10-24,22:21:58,-07:00,2025-10-24T22:21:58-07:00,2,26
projects\index.html,29,html,8bf0a5d3,BrightonLiu-zZ,2025-10-09,21:38:02,-07:00,2025-10-09T21:38:02-07:00,1,5
projects\index.html,30,html,65866f21,BrightonLiu-zZ,2025-10-24,22:21:58,-07:00,2025-10-24T22:21:58-07:00,0,47
projects\index.html,31,html,e42e3b12,BrightonLiu-zZ,2025-10-03,17:42:06,-07:00,2025-10-03T17:42:06-07:00,0,5
projects\index.html,32,html,17583924,BrightonLiu-zZ,2025-10-31,23:53:50,-07:00,2025-10-31T23:53:50-07:00,0,5
profile\index.html,1,html,8bf0a5d3,BrightonLiu-zZ,2025-10-09,21:38:02,-07:00,2025-10-09T21:38:02-07:00,0,13
profile\index.html,2,html,8bf0a5d3,BrightonLiu-zZ,2025-10-09,21:38:02,-07:00,2025-10-09T21:38:02-07:00,0,14
profile\index.html,3,html,8bf0a5d3,BrightonLiu-zZ,2025-10-09,21:38:02,-07:00,2025-10-09T21:38:02-07:00,0,4
profile\index.html,4,html,8bf0a5d3,BrightonLiu-zZ,2025-10-09,21:38:02,-07:00,2025-10-09T21:38:02-07:00,1,22
profile\index.html,5,html,8bf0a5d3,BrightonLiu-zZ,2025-10-09,21:38:02,-07:00,2025-10-09T21:38:02-07:00,1,68
profile\index.html,6,html,8bf0a5d3,BrightonLiu-zZ,2025-10-09,21:38:02,-07:00,2025-10-09T21:38:02-07:00,1,35
profile\index.html,7,html,8bf0a5d3,BrightonLiu-zZ,2025-10-09,21:38:02,-07:00,2025-10-09T21:38:02-07:00,1,41
profile\index.html,8,html,3ddacdb4,BrightonLiu-zZ,2025-10-16,20:22:32,-07:00,2025-10-16T20:22:32-07:00,1,48
profile\index.html,9,html,8bf0a5d3,BrightonLiu-zZ,2025-10-09,21:38:02,-07:00,2025-10-09T21:38:02-07:00,0,5
profile\index.html,10,html,8bf0a5d3,BrightonLiu-zZ,2025-10-09,21:38:02,-07:00,2025-10-09T21:38:02-07:00,0,4
profile\index.html,11,html,1280a4f0,BrightonLiu-zZ,2025-10-03,18:04:25,-07:00,2025-10-03T18:04:25-07:00,1,6
profile\index.html,12,html,1280a4f0,BrightonLiu-zZ,2025-10-03,18:04:25,-07:00,2025-10-03T18:04:25-07:00,2,19
profile\index.html,13,html,8bf0a5d3,BrightonLiu-zZ,2025-10-09,21:38:02,-07:00,2025-10-09T21:38:02-07:00,1,7
profile\index.html,14,html,1280a4f0,BrightonLiu-zZ,2025-10-03,18:04:25,-07:00,2025-10-03T18:04:25-07:00,0,0
profile\index.html,15,html,8bf0a5d3,BrightonLiu-zZ,2025-10-09,21:38:02,-07:00,2025-10-09T21:38:02-07:00,1,38
profile\index.html,16,html,8bf0a5d3,BrightonLiu-zZ,2025-10-09,21:38:02,-07:00,2025-10-09T21:38:02-07:00,1,17
profile\index.html,17,html,8bf0a5d3,BrightonLiu-zZ,2025-10-09,21:38:02,-07:00,2025-10-09T21:38:02-07:00,2,33
profile\index.html,18,html,8bf0a5d3,BrightonLiu-zZ,2025-10-09,21:38:02,-07:00,2025-10-09T21:38:02-07:00,3,27
profile\index.html,19,html,8bf0a5d3,BrightonLiu-zZ,2025-10-09,21:38:02,-07:00,2025-10-09T21:38:02-07:00,3,119
profile\index.html,20,html,8bf0a5d3,BrightonLiu-zZ,2025-10-09,21:38:02,-07:00,2025-10-09T21:38:02-07:00,2,8
profile\index.html,21,html,1280a4f0,BrightonLiu-zZ,2025-10-03,18:04:25,-07:00,2025-10-03T18:04:25-07:00,0,0
profile\index.html,22,html,8bf0a5d3,BrightonLiu-zZ,2025-10-09,21:38:02,-07:00,2025-10-09T21:38:02-07:00,2,29
profile\index.html,23,html,8bf0a5d3,BrightonLiu-zZ,2025-10-09,21:38:02,-07:00,2025-10-09T21:38:02-07:00,3,25
profile\index.html,24,html,8bf0a5d3,BrightonLiu-zZ,2025-10-09,21:38:02,-07:00,2025-10-09T21:38:02-07:00,3,7
profile\index.html,25,html,8bf0a5d3,BrightonLiu-zZ,2025-10-09,21:38:02,-07:00,2025-10-09T21:38:02-07:00,4,54
profile\index.html,26,html,8bf0a5d3,BrightonLiu-zZ,2025-10-09,21:38:02,-07:00,2025-10-09T21:38:02-07:00,4,1
profile\index.html,27,html,8bf0a5d3,BrightonLiu-zZ,2025-10-09,21:38:02,-07:00,2025-10-09T21:38:02-07:00,5,40
profile\index.html,28,html,8bf0a5d3,BrightonLiu-zZ,2025-10-09,21:38:02,-07:00,2025-10-09T21:38:02-07:00,5,49
profile\index.html,29,html,8bf0a5d3,BrightonLiu-zZ,2025-10-09,21:38:02,-07:00,2025-10-09T21:38:02-07:00,4,2
profile\index.html,30,html,8bf0a5d3,BrightonLiu-zZ,2025-10-09,21:38:02,-07:00,2025-10-09T21:38:02-07:00,4,2
profile\index.html,31,html,8bf0a5d3,BrightonLiu-zZ,2025-10-09,21:38:02,-07:00,2025-10-09T21:38:02-07:00,5,87
profile\index.html,32,html,8bf0a5d3,BrightonLiu-zZ,2025-10-09,21:38:02,-07:00,2025-10-09T21:38:02-07:00,4,3
profile\index.html,33,html,8bf0a5d3,BrightonLiu-zZ,2025-10-09,21:38:02,-07:00,2025-10-09T21:38:02-07:00,3,8
profile\index.html,34,html,8bf0a5d3,BrightonLiu-zZ,2025-10-09,21:38:02,-07:00,2025-10-09T21:38:02-07:00,2,8
profile\index.html,35,html,1280a4f0,BrightonLiu-zZ,2025-10-03,18:04:25,-07:00,2025-10-03T18:04:25-07:00,0,0
profile\index.html,36,html,8bf0a5d3,BrightonLiu-zZ,2025-10-09,21:38:02,-07:00,2025-10-09T21:38:02-07:00,2,29
profile\index.html,37,html,8bf0a5d3,BrightonLiu-zZ,2025-10-09,21:38:02,-07:00,2025-10-09T21:38:02-07:00,3,26
profile\index.html,38,html,8bf0a5d3,BrightonLiu-zZ,2025-10-09,21:38:02,-07:00,2025-10-09T21:38:02-07:00,3,7
profile\index.html,39,html,8bf0a5d3,BrightonLiu-zZ,2025-10-09,21:38:02,-07:00,2025-10-09T21:38:02-07:00,4,36
profile\index.html,40,html,8bf0a5d3,BrightonLiu-zZ,2025-10-09,21:38:02,-07:00,2025-10-09T21:38:02-07:00,4,1
profile\index.html,41,html,8bf0a5d3,BrightonLiu-zZ,2025-10-09,21:38:02,-07:00,2025-10-09T21:38:02-07:00,5,40
profile\index.html,42,html,8bf0a5d3,BrightonLiu-zZ,2025-10-09,21:38:02,-07:00,2025-10-09T21:38:02-07:00,5,38
profile\index.html,43,html,8bf0a5d3,BrightonLiu-zZ,2025-10-09,21:38:02,-07:00,2025-10-09T21:38:02-07:00,4,2
profile\index.html,44,html,8bf0a5d3,BrightonLiu-zZ,2025-10-09,21:38:02,-07:00,2025-10-09T21:38:02-07:00,4,2
profile\index.html,45,html,8bf0a5d3,BrightonLiu-zZ,2025-10-09,21:38:02,-07:00,2025-10-09T21:38:02-07:00,5,73
profile\index.html,46,html,8bf0a5d3,BrightonLiu-zZ,2025-10-09,21:38:02,-07:00,2025-10-09T21:38:02-07:00,5,51
profile\index.html,47,html,8bf0a5d3,BrightonLiu-zZ,2025-10-09,21:38:02,-07:00,2025-10-09T21:38:02-07:00,4,3
profile\index.html,48,html,8bf0a5d3,BrightonLiu-zZ,2025-10-09,21:38:02,-07:00,2025-10-09T21:38:02-07:00,3,8
profile\index.html,49,html,8bf0a5d3,BrightonLiu-zZ,2025-10-09,21:38:02,-07:00,2025-10-09T21:38:02-07:00,2,8
profile\index.html,50,html,1280a4f0,BrightonLiu-zZ,2025-10-03,18:04:25,-07:00,2025-10-03T18:04:25-07:00,0,0
profile\index.html,51,html,8bf0a5d3,BrightonLiu-zZ,2025-10-09,21:38:02,-07:00,2025-10-09T21:38:02-07:00,2,34
profile\index.html,52,html,8bf0a5d3,BrightonLiu-zZ,2025-10-09,21:38:02,-07:00,2025-10-09T21:38:02-07:00,3,38
profile\index.html,53,html,8bf0a5d3,BrightonLiu-zZ,2025-10-09,21:38:02,-07:00,2025-10-09T21:38:02-07:00,3,7
profile\index.html,54,html,8bf0a5d3,BrightonLiu-zZ,2025-10-09,21:38:02,-07:00,2025-10-09T21:38:02-07:00,4,29
profile\index.html,55,html,8bf0a5d3,BrightonLiu-zZ,2025-10-09,21:38:02,-07:00,2025-10-09T21:38:02-07:00,4,106
profile\index.html,56,html,8bf0a5d3,BrightonLiu-zZ,2025-10-09,21:38:02,-07:00,2025-10-09T21:38:02-07:00,4,2
profile\index.html,57,html,8bf0a5d3,BrightonLiu-zZ,2025-10-09,21:38:02,-07:00,2025-10-09T21:38:02-07:00,5,70
profile\index.html,58,html,cbffd812,BrightonLiu-zZ,2025-10-09,22:32:16,-07:00,2025-10-09T22:32:16-07:00,5,96
profile\index.html,59,html,8bf0a5d3,BrightonLiu-zZ,2025-10-09,21:38:02,-07:00,2025-10-09T21:38:02-07:00,4,3
profile\index.html,60,html,8bf0a5d3,BrightonLiu-zZ,2025-10-09,21:38:02,-07:00,2025-10-09T21:38:02-07:00,3,8
profile\index.html,61,html,1280a4f0,BrightonLiu-zZ,2025-10-03,18:04:25,-07:00,2025-10-03T18:04:25-07:00,0,0
profile\index.html,62,html,8bf0a5d3,BrightonLiu-zZ,2025-10-09,21:38:02,-07:00,2025-10-09T21:38:02-07:00,3,7
profile\index.html,63,html,8bf0a5d3,BrightonLiu-zZ,2025-10-09,21:38:02,-07:00,2025-10-09T21:38:02-07:00,4,26
profile\index.html,64,html,8bf0a5d3,BrightonLiu-zZ,2025-10-09,21:38:02,-07:00,2025-10-09T21:38:02-07:00,4,69
profile\index.html,65,html,8bf0a5d3,BrightonLiu-zZ,2025-10-09,21:38:02,-07:00,2025-10-09T21:38:02-07:00,4,2
profile\index.html,66,html,8bf0a5d3,BrightonLiu-zZ,2025-10-09,21:38:02,-07:00,2025-10-09T21:38:02-07:00,5,132
profile\index.html,67,html,8bf0a5d3,BrightonLiu-zZ,2025-10-09,21:38:02,-07:00,2025-10-09T21:38:02-07:00,4,3
profile\index.html,68,html,8bf0a5d3,BrightonLiu-zZ,2025-10-09,21:38:02,-07:00,2025-10-09T21:38:02-07:00,3,8
profile\index.html,69,html,8bf0a5d3,BrightonLiu-zZ,2025-10-09,21:38:02,-07:00,2025-10-09T21:38:02-07:00,2,8
profile\index.html,70,html,1280a4f0,BrightonLiu-zZ,2025-10-03,18:04:25,-07:00,2025-10-03T18:04:25-07:00,0,0
profile\index.html,71,html,8bf0a5d3,BrightonLiu-zZ,2025-10-09,21:38:02,-07:00,2025-10-09T21:38:02-07:00,2,32
profile\index.html,72,html,8bf0a5d3,BrightonLiu-zZ,2025-10-09,21:38:02,-07:00,2025-10-09T21:38:02-07:00,3,25
profile\index.html,73,html,8bf0a5d3,BrightonLiu-zZ,2025-10-09,21:38:02,-07:00,2025-10-09T21:38:02-07:00,3,2
profile\index.html,74,html,8bf0a5d3,BrightonLiu-zZ,2025-10-09,21:38:02,-07:00,2025-10-09T21:38:02-07:00,4,51
profile\index.html,75,html,8bf0a5d3,BrightonLiu-zZ,2025-10-09,21:38:02,-07:00,2025-10-09T21:38:02-07:00,4,55
profile\index.html,76,html,8bf0a5d3,BrightonLiu-zZ,2025-10-09,21:38:02,-07:00,2025-10-09T21:38:02-07:00,4,54
profile\index.html,77,html,8bf0a5d3,BrightonLiu-zZ,2025-10-09,21:38:02,-07:00,2025-10-09T21:38:02-07:00,4,40
profile\index.html,78,html,8bf0a5d3,BrightonLiu-zZ,2025-10-09,21:38:02,-07:00,2025-10-09T21:38:02-07:00,3,3
profile\index.html,79,html,8bf0a5d3,BrightonLiu-zZ,2025-10-09,21:38:02,-07:00,2025-10-09T21:38:02-07:00,2,8
profile\index.html,80,html,1280a4f0,BrightonLiu-zZ,2025-10-03,18:04:25,-07:00,2025-10-03T18:04:25-07:00,0,0
profile\index.html,81,html,8bf0a5d3,BrightonLiu-zZ,2025-10-09,21:38:02,-07:00,2025-10-09T21:38:02-07:00,2,38
profile\index.html,82,html,8bf0a5d3,BrightonLiu-zZ,2025-10-09,21:38:02,-07:00,2025-10-09T21:38:02-07:00,3,32
profile\index.html,83,html,2ef97004,BrightonLiu-zZ,2025-10-10,13:33:14,-07:00,2025-10-10T13:33:14-07:00,3,78
profile\index.html,84,html,8bf0a5d3,BrightonLiu-zZ,2025-10-09,21:38:02,-07:00,2025-10-09T21:38:02-07:00,2,8
profile\index.html,85,html,8bf0a5d3,BrightonLiu-zZ,2025-10-09,21:38:02,-07:00,2025-10-09T21:38:02-07:00,1,5
profile\index.html,86,html,8bf0a5d3,BrightonLiu-zZ,2025-10-09,21:38:02,-07:00,2025-10-09T21:38:02-07:00,0,5
profile\index.html,87,html,8bf0a5d3,BrightonLiu-zZ,2025-10-09,21:38:02,-07:00,2025-10-09T21:38:02-07:00,0,5
contact\index.html,1,html,8bf0a5d3,BrightonLiu-zZ,2025-10-09,21:38:02,-07:00,2025-10-09T21:38:02-07:00,0,13
contact\index.html,2,html,e42e3b12,BrightonLiu-zZ,2025-10-03,17:42:06,-07:00,2025-10-03T17:42:06-07:00,0,14
contact\index.html,3,html,e42e3b12,BrightonLiu-zZ,2025-10-03,17:42:06,-07:00,2025-10-03T17:42:06-07:00,0,4
contact\index.html,4,html,8bf0a5d3,BrightonLiu-zZ,2025-10-09,21:38:02,-07:00,2025-10-09T21:38:02-07:00,1,22
contact\index.html,5,html,8bf0a5d3,BrightonLiu-zZ,2025-10-09,21:38:02,-07:00,2025-10-09T21:38:02-07:00,1,68
contact\index.html,6,html,0961a3ec,BrightonLiu-zZ,2025-10-09,22:05:47,-07:00,2025-10-09T22:05:47-07:00,1,35
contact\index.html,7,html,8bf0a5d3,BrightonLiu-zZ,2025-10-09,21:38:02,-07:00,2025-10-09T21:38:02-07:00,1,41
contact\index.html,8,html,3ddacdb4,BrightonLiu-zZ,2025-10-16,20:22:32,-07:00,2025-10-16T20:22:32-07:00,1,48
contact\index.html,9,html,e42e3b12,BrightonLiu-zZ,2025-10-03,17:42:06,-07:00,2025-10-03T17:42:06-07:00,0,5
contact\index.html,10,html,e42e3b12,BrightonLiu-zZ,2025-10-03,17:42:06,-07:00,2025-10-03T17:42:06-07:00,0,4
contact\index.html,11,html,8bf0a5d3,BrightonLiu-zZ,2025-10-09,21:38:02,-07:00,2025-10-09T21:38:02-07:00,1,6
contact\index.html,12,html,8bf0a5d3,BrightonLiu-zZ,2025-10-09,21:38:02,-07:00,2025-10-09T21:38:02-07:00,1,7
contact\index.html,13,html,8bdafa17,BrightonLiu-zZ,2025-10-03,17:48:52,-07:00,2025-10-03T17:48:52-07:00,0,0
contact\index.html,14,html,8bf0a5d3,BrightonLiu-zZ,2025-10-09,21:38:02,-07:00,2025-10-09T21:38:02-07:00,1,17
contact\index.html,15,html,8bf0a5d3,BrightonLiu-zZ,2025-10-09,21:38:02,-07:00,2025-10-09T21:38:02-07:00,2,14
contact\index.html,16,html,0961a3ec,BrightonLiu-zZ,2025-10-09,22:05:47,-07:00,2025-10-09T22:05:47-07:00,0,0
contact\index.html,17,html,0961a3ec,BrightonLiu-zZ,2025-10-09,22:05:47,-07:00,2025-10-09T22:05:47-07:00,2,72
contact\index.html,18,html,8bf0a5d3,BrightonLiu-zZ,2025-10-09,21:38:02,-07:00,2025-10-09T21:38:02-07:00,2,71
contact\index.html,19,html,0961a3ec,BrightonLiu-zZ,2025-10-09,22:05:47,-07:00,2025-10-09T22:05:47-07:00,3,30
contact\index.html,20,html,0961a3ec,BrightonLiu-zZ,2025-10-09,22:05:47,-07:00,2025-10-09T22:05:47-07:00,3,41
contact\index.html,21,html,0961a3ec,BrightonLiu-zZ,2025-10-09,22:05:47,-07:00,2025-10-09T22:05:47-07:00,6,52
contact\index.html,22,html,8bdafa17,BrightonLiu-zZ,2025-10-03,17:48:52,-07:00,2025-10-03T17:48:52-07:00,0,0
contact\index.html,23,html,0961a3ec,BrightonLiu-zZ,2025-10-09,22:05:47,-07:00,2025-10-09T22:05:47-07:00,3,34
contact\index.html,24,html,0961a3ec,BrightonLiu-zZ,2025-10-09,22:05:47,-07:00,2025-10-09T22:05:47-07:00,3,32
contact\index.html,25,html,0961a3ec,BrightonLiu-zZ,2025-10-09,22:05:47,-07:00,2025-10-09T22:05:47-07:00,6,64
contact\index.html,26,html,8bdafa17,BrightonLiu-zZ,2025-10-03,17:48:52,-07:00,2025-10-03T17:48:52-07:00,0,0
contact\index.html,27,html,0961a3ec,BrightonLiu-zZ,2025-10-09,22:05:47,-07:00,2025-10-09T22:05:47-07:00,3,28
contact\index.html,28,html,0961a3ec,BrightonLiu-zZ,2025-10-09,22:05:47,-07:00,2025-10-09T22:05:47-07:00,3,82
contact\index.html,29,html,8bf0a5d3,BrightonLiu-zZ,2025-10-09,21:38:02,-07:00,2025-10-09T21:38:02-07:00,0,0
contact\index.html,30,html,8bf0a5d3,BrightonLiu-zZ,2025-10-09,21:38:02,-07:00,2025-10-09T21:38:02-07:00,3,21
contact\index.html,31,html,8bf0a5d3,BrightonLiu-zZ,2025-10-09,21:38:02,-07:00,2025-10-09T21:38:02-07:00,2,5
contact\index.html,32,html,8bf0a5d3,BrightonLiu-zZ,2025-10-09,21:38:02,-07:00,2025-10-09T21:38:02-07:00,0,0
contact\index.html,33,html,2ef97004,BrightonLiu-zZ,2025-10-10,13:33:14,-07:00,2025-10-10T13:33:14-07:00,2,27
contact\index.html,34,html,8bf0a5d3,BrightonLiu-zZ,2025-10-09,21:38:02,-07:00,2025-10-09T21:38:02-07:00,1,5
contact\index.html,35,html,e42e3b12,BrightonLiu-zZ,2025-10-03,17:42:06,-07:00,2025-10-03T17:42:06-07:00,0,5
contact\index.html,36,html,8bf0a5d3,BrightonLiu-zZ,2025-10-09,21:38:02,-07:00,2025-10-09T21:38:02-07:00,0,5
